time="2025-11-18T11:32:34+01:00" level=info msg="Using docker host 'unix:///var/run/docker.sock', and daemon socket 'unix:///var/run/docker.sock'"
level=warning msg= ⚠ You are using Apple M-series chip and you have not specified container architecture, you might encounter issues while running act. If so, try running it with '--container-architecture linux/amd64'. ⚠

[SonarCloud/Generate Coverage Report       ] ⭐ Run Set up job
[e2e-test/e2e-test                         ] ⭐ Run Set up job
[integration-test/integration-test-fedora-2] ⭐ Run Set up job
[e2e-test/e2e-test                         ] 🚀  Start image=fedora:latest
[integration-test/integration-test-fedora-2] 🚀  Start image=fedora:latest
[SonarCloud/Generate Coverage Report       ] 🚀  Start image=node:16-buster-slim
[integration-test/integration-test-fedora-1] ⭐ Run Set up job
[integration-test/integration-test-fedora-1] 🚀  Start image=fedora:latest
[unit-test/unit-test                       ] ⭐ Run Set up job
[unit-test/unit-test                       ] 🚀  Start image=node:16-buster-slim
[Standardized CI/Reusable CI/Run linters] ⭐ Run Set up job
[Standardized CI/Reusable CI/Run linters] 🚀  Start image=node:16-buster-slim
[General/Reusable Dependencies Reviewer/Dependencies Review] ⭐ Run Set up job
[General/Reusable Dependencies Reviewer/Dependencies Review] 🚀  Start image=node:16-buster-slim
[OSV-Scanner/OSV-Scanner PR Scanning/osv-scan] ⭐ Run Set up job
[OSV-Scanner/OSV-Scanner PR Scanning/osv-scan] 🚀  Start image=node:16-buster-slim
[SonarCloud/Generate Coverage Report       ]   🐳  docker pull image=node:16-buster-slim platform= username= forcePull=true
[integration-test/integration-test-fedora-2]   🐳  docker pull image=fedora:latest platform= username= forcePull=true
[OSV-Scanner/OSV-Scanner PR Scanning/osv-scan]   🐳  docker pull image=node:16-buster-slim platform= username= forcePull=true
[unit-test/unit-test                       ]   🐳  docker pull image=node:16-buster-slim platform= username= forcePull=true
[e2e-test/e2e-test                         ]   🐳  docker pull image=fedora:latest platform= username= forcePull=true
[Standardized CI/Reusable CI/Run linters]   🐳  docker pull image=node:16-buster-slim platform= username= forcePull=true
[integration-test/integration-test-fedora-1]   🐳  docker pull image=fedora:latest platform= username= forcePull=true
[General/Reusable Dependencies Reviewer/Dependencies Review]   🐳  docker pull image=node:16-buster-slim platform= username= forcePull=true
[SonarCloud/Generate Coverage Report       ]   🐳  docker create image=node:16-buster-slim platform= entrypoint=["tail" "-f" "/dev/null"] cmd=[] network="host"
[General/Reusable Dependencies Reviewer/Dependencies Review]   🐳  docker create image=node:16-buster-slim platform= entrypoint=["tail" "-f" "/dev/null"] cmd=[] network="host"
[SonarCloud/Generate Coverage Report       ]   🐳  docker run image=node:16-buster-slim platform= entrypoint=["tail" "-f" "/dev/null"] cmd=[] network="host"
[General/Reusable Dependencies Reviewer/Dependencies Review]   🐳  docker run image=node:16-buster-slim platform= entrypoint=["tail" "-f" "/dev/null"] cmd=[] network="host"
[unit-test/unit-test                       ]   🐳  docker create image=node:16-buster-slim platform= entrypoint=["tail" "-f" "/dev/null"] cmd=[] network="host"
[SonarCloud/Generate Coverage Report       ]   🐳  docker exec cmd=[node --no-warnings -e console.log(process.execPath)] user= workdir=
[General/Reusable Dependencies Reviewer/Dependencies Review]   🐳  docker exec cmd=[node --no-warnings -e console.log(process.execPath)] user= workdir=
[SonarCloud/Generate Coverage Report       ]   ✅  Success - Set up job
[unit-test/unit-test                       ]   🐳  docker run image=node:16-buster-slim platform= entrypoint=["tail" "-f" "/dev/null"] cmd=[] network="host"
[General/Reusable Dependencies Reviewer/Dependencies Review]   ✅  Success - Set up job
[SonarCloud/Generate Coverage Report       ]   ☁  git clone 'https://github.com/actions/upload-artifact' # ref=330a01c490aca151604b8cf639adc76d48f6c5d4
[General/Reusable Dependencies Reviewer/Dependencies Review]   ☁  git clone 'https://github.com/actions/checkout' # ref=08c6903cd8c0fde910a37f88322edcfb5dd907a8
[unit-test/unit-test                       ]   🐳  docker exec cmd=[node --no-warnings -e console.log(process.execPath)] user= workdir=
[unit-test/unit-test                       ]   ✅  Success - Set up job
[unit-test/unit-test                       ]   ☁  git clone 'https://github.com/actions/setup-go' # ref=44694675825211faa026b3c33043df3e48a5fa00
[SonarCloud/Generate Coverage Report       ] Non-terminating error while running 'git clone': some refs were not updated
[SonarCloud/Generate Coverage Report       ] ⭐ Run Main Check out
[SonarCloud/Generate Coverage Report       ]   🐳  docker cp src=/Users/sonu/GitHub/complyctl/. dst=/Users/sonu/GitHub/complyctl
[General/Reusable Dependencies Reviewer/Dependencies Review] Non-terminating error while running 'git clone': some refs were not updated
[General/Reusable Dependencies Reviewer/Dependencies Review]   ☁  git clone 'https://github.com/actions/dependency-review-action' # ref=3c4e3dcb1aa7874d2c16be7d79418e9b7efd6261
[integration-test/integration-test-fedora-2]   🐳  docker create image=fedora:latest platform= entrypoint=["tail" "-f" "/dev/null"] cmd=[] network="host"
[e2e-test/e2e-test                         ]   🐳  docker create image=fedora:latest platform= entrypoint=["tail" "-f" "/dev/null"] cmd=[] network="host"
[integration-test/integration-test-fedora-1]   🐳  docker create image=fedora:latest platform= entrypoint=["tail" "-f" "/dev/null"] cmd=[] network="host"
[e2e-test/e2e-test                         ]   🐳  docker run image=fedora:latest platform= entrypoint=["tail" "-f" "/dev/null"] cmd=[] network="host"
[integration-test/integration-test-fedora-2]   🐳  docker run image=fedora:latest platform= entrypoint=["tail" "-f" "/dev/null"] cmd=[] network="host"
[integration-test/integration-test-fedora-1]   🐳  docker run image=fedora:latest platform= entrypoint=["tail" "-f" "/dev/null"] cmd=[] network="host"
[unit-test/unit-test                       ] Non-terminating error while running 'git clone': some refs were not updated
[integration-test/integration-test-fedora-1]   🐳  docker exec cmd=[node --no-warnings -e console.log(process.execPath)] user= workdir=
[e2e-test/e2e-test                         ]   🐳  docker exec cmd=[node --no-warnings -e console.log(process.execPath)] user= workdir=
[integration-test/integration-test-fedora-2]   🐳  docker exec cmd=[node --no-warnings -e console.log(process.execPath)] user= workdir=
[e2e-test/e2e-test                         ]   ✅  Success - Set up job
[integration-test/integration-test-fedora-1]   ✅  Success - Set up job
[integration-test/integration-test-fedora-2]   ✅  Success - Set up job
[integration-test/integration-test-fedora-1] 🧪  Matrix: map[assessment-plan-status:original]
[integration-test/integration-test-fedora-2] 🧪  Matrix: map[assessment-plan-status:customized]
[unit-test/unit-test                       ] ⭐ Run Main Checkout code
[unit-test/unit-test                       ]   🐳  docker cp src=/Users/sonu/GitHub/complyctl/. dst=/Users/sonu/GitHub/complyctl
[e2e-test/e2e-test                         ] ⭐ Run Main Checkout code
[integration-test/integration-test-fedora-2] ⭐ Run Main Checkout code
[integration-test/integration-test-fedora-1] ⭐ Run Main Checkout code
[e2e-test/e2e-test                         ]   🐳  docker cp src=/Users/sonu/GitHub/complyctl/. dst=/Users/sonu/GitHub/complyctl
[integration-test/integration-test-fedora-2]   🐳  docker cp src=/Users/sonu/GitHub/complyctl/. dst=/Users/sonu/GitHub/complyctl
[integration-test/integration-test-fedora-1]   🐳  docker cp src=/Users/sonu/GitHub/complyctl/. dst=/Users/sonu/GitHub/complyctl
[General/Reusable Dependencies Reviewer/Dependencies Review] ⭐ Run Main Checkout Repository
[General/Reusable Dependencies Reviewer/Dependencies Review]   🐳  docker cp src=/Users/sonu/.cache/act/actions-checkout@08c6903cd8c0fde910a37f88322edcfb5dd907a8/ dst=/var/run/act/actions/actions-checkout@08c6903cd8c0fde910a37f88322edcfb5dd907a8/
[General/Reusable Dependencies Reviewer/Dependencies Review]   🐳  docker exec cmd=[/usr/local/bin/node /var/run/act/actions/actions-checkout@08c6903cd8c0fde910a37f88322edcfb5dd907a8/dist/index.js] user= workdir=
[General/Reusable Dependencies Reviewer/Dependencies Review]   ❓ add-matcher /run/act/actions/actions-checkout@08c6903cd8c0fde910a37f88322edcfb5dd907a8/dist/problem-matcher.json
[General/Reusable Dependencies Reviewer/Dependencies Review]   | Syncing repository: sonupreetam/complyctl
[General/Reusable Dependencies Reviewer/Dependencies Review]   ❓  ::group::Getting Git version info
[General/Reusable Dependencies Reviewer/Dependencies Review]   | Working directory is '/Users/sonu/GitHub/complyctl'
[General/Reusable Dependencies Reviewer/Dependencies Review]   ❓  ::endgroup::
[General/Reusable Dependencies Reviewer/Dependencies Review]   | Deleting the contents of '/Users/sonu/GitHub/complyctl'
[General/Reusable Dependencies Reviewer/Dependencies Review]   | The repository will be downloaded using the GitHub REST API
[General/Reusable Dependencies Reviewer/Dependencies Review]   | To create a local Git repository instead, add Git 2.18 or higher to the PATH
[General/Reusable Dependencies Reviewer/Dependencies Review]   | Downloading the archive
[SonarCloud/Generate Coverage Report       ]   ✅  Success - Main Check out [5.862959291s]
[SonarCloud/Generate Coverage Report       ] ⭐ Run Main Run test
[SonarCloud/Generate Coverage Report       ]   🐳  docker exec cmd=[bash -e /var/run/act/workflow/1] user= workdir=
[SonarCloud/Generate Coverage Report       ]   | /var/run/act/workflow/1: line 2: make: command not found
[SonarCloud/Generate Coverage Report       ]   ❌  Failure - Main Run test [393.620167ms]
[SonarCloud/Generate Coverage Report       ] exitcode '127': command not found, please refer to https://github.com/nektos/act/issues/107 for more information
[SonarCloud/Generate Coverage Report       ] ⭐ Run Complete job
[SonarCloud/Generate Coverage Report       ]   ✅  Success - Complete job
[SonarCloud/Generate Coverage Report       ] 🏁  Job failed
[General/Reusable Dependencies Reviewer/Dependencies Review]   | Writing archive to disk
[General/Reusable Dependencies Reviewer/Dependencies Review]   | Extracting the archive
[General/Reusable Dependencies Reviewer/Dependencies Review]   | [command]/bin/tar xz --warning=no-unknown-keyword --overwrite -C /Users/sonu/GitHub/complyctl/3878afb3-4f1d-40b0-bed9-db7eb13fc208 -f /Users/sonu/GitHub/complyctl/3878afb3-4f1d-40b0-bed9-db7eb13fc208.tar.gz
[unit-test/unit-test                       ]   ✅  Success - Main Checkout code [7.484957834s]
[integration-test/integration-test-fedora-1]   ✅  Success - Main Checkout code [7.352794125s]
[integration-test/integration-test-fedora-2]   ✅  Success - Main Checkout code [7.458242333s]
[e2e-test/e2e-test                         ]   ✅  Success - Main Checkout code [7.529840667s]
[General/Reusable Dependencies Reviewer/Dependencies Review]   | Resolved version sonupreetam-complyctl-bc16a50
[General/Reusable Dependencies Reviewer/Dependencies Review]   ❓  ::remove-matcher owner=checkout-git::
[General/Reusable Dependencies Reviewer/Dependencies Review]   ✅  Success - Main Checkout Repository [6.67027025s]
[Standardized CI/Reusable CI/Run linters]   🐳  docker create image=node:16-buster-slim platform= entrypoint=["tail" "-f" "/dev/null"] cmd=[] network="host"
[General/Reusable Dependencies Reviewer/Dependencies Review]   ⚙  ::set-output:: ref=refs/heads/REVIEW_PR_335
[OSV-Scanner/OSV-Scanner PR Scanning/osv-scan]   🐳  docker create image=node:16-buster-slim platform= entrypoint=["tail" "-f" "/dev/null"] cmd=[] network="host"
[Standardized CI/Reusable CI/Run linters]   🐳  docker run image=node:16-buster-slim platform= entrypoint=["tail" "-f" "/dev/null"] cmd=[] network="host"
[OSV-Scanner/OSV-Scanner PR Scanning/osv-scan]   🐳  docker run image=node:16-buster-slim platform= entrypoint=["tail" "-f" "/dev/null"] cmd=[] network="host"
[Standardized CI/Reusable CI/Run linters]   🐳  docker exec cmd=[node --no-warnings -e console.log(process.execPath)] user= workdir=
[unit-test/unit-test                       ] ⭐ Run Main Set up Go
[OSV-Scanner/OSV-Scanner PR Scanning/osv-scan]   🐳  docker exec cmd=[node --no-warnings -e console.log(process.execPath)] user= workdir=
[Standardized CI/Reusable CI/Run linters]   ✅  Success - Set up job
[General/Reusable Dependencies Reviewer/Dependencies Review] ⭐ Run Main Run Dependency Review
[integration-test/integration-test-fedora-1] ⭐ Run Main Setup compyctl
[OSV-Scanner/OSV-Scanner PR Scanning/osv-scan]   ✅  Success - Set up job
[integration-test/integration-test-fedora-2] ⭐ Run Main Setup compyctl
[Standardized CI/Reusable CI/Run linters]   ☁  git clone 'https://github.com/oxsecurity/megalinter' # ref=62c799d895af9bcbca5eacfebca29d527f125a57
[unit-test/unit-test                       ]   🐳  docker cp src=/Users/sonu/.cache/act/actions-setup-go@44694675825211faa026b3c33043df3e48a5fa00/ dst=/var/run/act/actions/actions-setup-go@44694675825211faa026b3c33043df3e48a5fa00/
[e2e-test/e2e-test                         ] ⭐ Run Main Setup compyctl
[General/Reusable Dependencies Reviewer/Dependencies Review]   🐳  docker cp src=/Users/sonu/.cache/act/actions-dependency-review-action@3c4e3dcb1aa7874d2c16be7d79418e9b7efd6261/ dst=/var/run/act/actions/actions-dependency-review-action@3c4e3dcb1aa7874d2c16be7d79418e9b7efd6261/
[OSV-Scanner/OSV-Scanner PR Scanning/osv-scan]   ☁  git clone 'https://github.com/google/osv-scanner-action' # ref=d510e7d909b203e4aa41380fa1e74c20cad9fadf
[integration-test/integration-test-fedora-1] ⭐ Run Main Install dependency
[integration-test/integration-test-fedora-2] ⭐ Run Main Install dependency
[e2e-test/e2e-test                         ] ⭐ Run Main Install dependency
[integration-test/integration-test-fedora-1]   🐳  docker exec cmd=[bash --noprofile --norc -e -o pipefail /var/run/act/workflow/1-composite-0.sh] user= workdir=
[integration-test/integration-test-fedora-1]   | Updating and loading repositories:
[integration-test/integration-test-fedora-2]   🐳  docker exec cmd=[bash --noprofile --norc -e -o pipefail /var/run/act/workflow/1-composite-0.sh] user= workdir=
[integration-test/integration-test-fedora-2]   | Updating and loading repositories:
[e2e-test/e2e-test                         ]   🐳  docker exec cmd=[bash --noprofile --norc -e -o pipefail /var/run/act/workflow/1-composite-0.sh] user= workdir=
[e2e-test/e2e-test                         ]   | Updating and loading repositories:
[unit-test/unit-test                       ]   🐳  docker exec cmd=[/usr/local/bin/node /var/run/act/actions/actions-setup-go@44694675825211faa026b3c33043df3e48a5fa00/dist/setup/index.js] user= workdir=
[unit-test/unit-test                       ]   | Setup go version spec 1.24.9
[unit-test/unit-test                       ]   | Attempting to download 1.24.9...
[General/Reusable Dependencies Reviewer/Dependencies Review]   🐳  docker exec cmd=[/usr/local/bin/node /var/run/act/actions/actions-dependency-review-action@3c4e3dcb1aa7874d2c16be7d79418e9b7efd6261/dist/index.js] user= workdir=
[General/Reusable Dependencies Reviewer/Dependencies Review]   ❗  ::error::Both a base ref and head ref must be provided, either via the `base_ref`/`head_ref` config options, `base-ref`/`head-ref` workflow action options, or by running a `pull_request`/`pull_request_target`/`merge_group` workflow.
[General/Reusable Dependencies Reviewer/Dependencies Review] Failed but continue next step
[General/Reusable Dependencies Reviewer/Dependencies Review]   ❌  Failure - Main Run Dependency Review [2.194705708s]
[integration-test/integration-test-fedora-1]   |  Fedora 42 openh264 (From Cisco) - aarc 100% |   4.8 KiB/s |   5.8 KiB |  00m01s
[integration-test/integration-test-fedora-2]   |  Fedora 42 openh264 (From Cisco) - aarc 100% |   5.2 KiB/s |   5.8 KiB |  00m01s
[e2e-test/e2e-test                         ]   |  Fedora 42 openh264 (From Cisco) - aarc 100% |   5.3 KiB/s |   5.8 KiB |  00m01s
[General/Reusable Dependencies Reviewer/Dependencies Review] ⭐ Run Main Determine Review Result
[General/Reusable Dependencies Reviewer/Dependencies Review]   🐳  docker exec cmd=[bash -e /var/run/act/workflow/set_status] user= workdir=
[General/Reusable Dependencies Reviewer/Dependencies Review]   ✅  Success - Main Determine Review Result [195.3085ms]
[General/Reusable Dependencies Reviewer/Dependencies Review]   ⚙  ::set-output:: review_step=success
[integration-test/integration-test-fedora-2]   |  Fedora 42 - aarch64 - Updates          100% |   5.5 MiB/s |  10.3 MiB |  00m02s
[General/Reusable Dependencies Reviewer/Dependencies Review] ⭐ Run Post Checkout Repository
[General/Reusable Dependencies Reviewer/Dependencies Review]   🐳  docker exec cmd=[/usr/local/bin/node /var/run/act/actions/actions-checkout@08c6903cd8c0fde910a37f88322edcfb5dd907a8/dist/index.js] user= workdir=
[General/Reusable Dependencies Reviewer/Dependencies Review]   ✅  Success - Post Checkout Repository [216.200167ms]
[e2e-test/e2e-test                         ]   |  Fedora 42 - aarch64 - Updates          100% |   4.4 MiB/s |   9.8 MiB |  00m02s
[General/Reusable Dependencies Reviewer/Dependencies Review] ⭐ Run Complete job
[General/Reusable Dependencies Reviewer/Dependencies Review] Cleaning up container for job Dependencies Review
[integration-test/integration-test-fedora-2]   |  Fedora 42 - aarch64                    100% |   9.3 MiB/s |  34.2 MiB |  00m04s
[e2e-test/e2e-test                         ]   |  Fedora 42 - aarch64                    100% |   7.1 MiB/s |  34.2 MiB |  00m05s
[integration-test/integration-test-fedora-1]   |  Fedora 42 - aarch64                    100% |   5.5 MiB/s |  34.2 MiB |  00m06s
[integration-test/integration-test-fedora-2]   | Repositories loaded.
[unit-test/unit-test                       ]   | matching 1.24.9...
[unit-test/unit-test                       ]   | Acquiring 1.24.9 from https://github.com/actions/go-versions/releases/download/1.24.9-18483682169/go-1.24.9-linux-arm64.tar.gz
[integration-test/integration-test-fedora-2]   | Package                     Arch    Version                 Repository      Size
[integration-test/integration-test-fedora-2]   | Installing:
[integration-test/integration-test-fedora-2]   |  gh                         aarch64 2.79.0-1.fc42           updates     51.9 MiB
[integration-test/integration-test-fedora-2]   |  git                        aarch64 2.51.1-1.fc42           updates     56.4 KiB
[integration-test/integration-test-fedora-2]   |  jq                         aarch64 1.7.1-11.fc42           fedora     466.4 KiB
[integration-test/integration-test-fedora-2]   |  make                       aarch64 1:4.4.1-10.fc42         fedora       1.8 MiB
[integration-test/integration-test-fedora-2]   |  scap-security-guide        noarch  0.1.78-1.fc42           updates    636.2 MiB
[integration-test/integration-test-fedora-2]   |  wget2-wget                 aarch64 2.2.0-5.fc42            updates     42.0   B
[integration-test/integration-test-fedora-2]   | Installing dependencies:
[integration-test/integration-test-fedora-2]   |  apt-libs                   aarch64 2.9.8-1.fc42            fedora       3.6 MiB
[integration-test/integration-test-fedora-2]   |  dbus                       aarch64 1:1.16.0-3.fc42         fedora       0.0   B
[integration-test/integration-test-fedora-2]   |  dbus-libs                  aarch64 1:1.16.0-3.fc42         fedora     397.5 KiB
[integration-test/integration-test-fedora-2]   |  expat                      aarch64 2.7.2-1.fc42            updates    358.5 KiB
[integration-test/integration-test-fedora-2]   |  git-core                   aarch64 2.51.1-1.fc42           updates     23.4 MiB
[integration-test/integration-test-fedora-2]   |  git-core-doc               noarch  2.51.1-1.fc42           updates     17.7 MiB
[integration-test/integration-test-fedora-2]   |  gnupg2                     aarch64 2.4.7-2.fc42            fedora      10.4 MiB
[integration-test/integration-test-fedora-2]   |  gnutls-dane                aarch64 3.8.10-1.fc42           updates     68.9 KiB
[integration-test/integration-test-fedora-2]   |  gpgme                      aarch64 1.24.3-1.fc42           updates    691.3 KiB
[integration-test/integration-test-fedora-2]   |  groff-base                 aarch64 1.23.0-8.fc42           fedora       4.2 MiB
[integration-test/integration-test-fedora-2]   |  hiredis                    aarch64 1.2.0-6.fc42            fedora     201.8 KiB
[integration-test/integration-test-fedora-2]   |  less                       aarch64 679-1.fc42              updates    553.9 KiB
[integration-test/integration-test-fedora-2]   |  libassuan                  aarch64 2.5.7-3.fc42            fedora     215.8 KiB
[integration-test/integration-test-fedora-2]   |  libb2                      aarch64 0.98.1-13.fc42          fedora      74.1 KiB
[integration-test/integration-test-fedora-2]   |  libcbor                    aarch64 0.11.0-3.fc42           fedora     137.9 KiB
[integration-test/integration-test-fedora-2]   |  libedit                    aarch64 3.1-56.20251016cvs.fc42 updates    280.2 KiB
[integration-test/integration-test-fedora-2]   |  libfdisk                   aarch64 2.40.4-7.fc42           fedora     418.8 KiB
[integration-test/integration-test-fedora-2]   |  libfido2                   aarch64 1.15.0-3.fc42           fedora     278.3 KiB
[integration-test/integration-test-fedora-2]   |  libgcrypt                  aarch64 1.11.0-5.fc42           fedora       1.1 MiB
[integration-test/integration-test-fedora-2]   |  libgpg-error               aarch64 1.51-2.fc42             fedora     954.0 KiB
[integration-test/integration-test-fedora-2]   |  libksba                    aarch64 1.6.7-3.fc42            fedora     398.4 KiB
[integration-test/integration-test-fedora-2]   |  libsecret                  aarch64 0.21.7-4.fc42           updates    625.3 KiB
[integration-test/integration-test-fedora-2]   |  libusb1                    aarch64 1.0.29-4.fc42           updates    178.9 KiB
[integration-test/integration-test-fedora-2]   |  libxslt                    aarch64 1.1.43-1.fc42           fedora     548.2 KiB
[integration-test/integration-test-fedora-2]   |  mpdecimal                  aarch64 4.0.1-1.fc42            updates    281.2 KiB
[integration-test/integration-test-fedora-2]   |  ncurses                    aarch64 6.5-5.20250125.fc42     fedora     891.9 KiB
[integration-test/integration-test-fedora-2]   |  npth                       aarch64 1.8-2.fc42              fedora      93.5 KiB
[integration-test/integration-test-fedora-2]   |  oniguruma                  aarch64 6.9.10-2.fc42           fedora     830.8 KiB
[integration-test/integration-test-fedora-2]   |  opendbx                    aarch64 1.4.6-39.fc42           fedora     193.6 KiB
[integration-test/integration-test-fedora-2]   |  openscap                   aarch64 1:1.4.2-2.fc42          updates     65.4 MiB
[integration-test/integration-test-fedora-2]   |  openscap-scanner           aarch64 1:1.4.2-2.fc42          updates    148.2 KiB
[integration-test/integration-test-fedora-2]   |  openssh                    aarch64 9.9p1-11.fc42           updates      1.4 MiB
[integration-test/integration-test-fedora-2]   |  openssh-clients            aarch64 9.9p1-11.fc42           updates      2.8 MiB
[integration-test/integration-test-fedora-2]   |  perl-AutoLoader            noarch  5.74-519.fc42           updates     20.5 KiB
[integration-test/integration-test-fedora-2]   |  perl-B                     aarch64 1.89-519.fc42           updates    542.0 KiB
[integration-test/integration-test-fedora-2]   |  perl-Carp                  noarch  1.54-512.fc42           fedora      46.6 KiB
[integration-test/integration-test-fedora-2]   |  perl-Class-Struct          noarch  0.68-519.fc42           updates     25.4 KiB
[integration-test/integration-test-fedora-2]   |  perl-Data-Dumper           aarch64 2.189-513.fc42          fedora     135.6 KiB
[integration-test/integration-test-fedora-2]   |  perl-Digest                noarch  1.20-512.fc42           fedora      35.3 KiB
[integration-test/integration-test-fedora-2]   |  perl-Digest-MD5            aarch64 2.59-6.fc42             fedora     103.7 KiB
[integration-test/integration-test-fedora-2]   |  perl-DynaLoader            aarch64 1.56-519.fc42           updates     32.1 KiB
[integration-test/integration-test-fedora-2]   |  perl-Encode                aarch64 4:3.21-512.fc42         fedora       4.8 MiB
[integration-test/integration-test-fedora-2]   |  perl-Errno                 aarch64 1.38-519.fc42           updates      8.3 KiB
[integration-test/integration-test-fedora-2]   |  perl-Error                 noarch  1:0.17030-1.fc42        fedora      76.7 KiB
[integration-test/integration-test-fedora-2]   |  perl-Exporter              noarch  5.78-512.fc42           fedora      54.3 KiB
[integration-test/integration-test-fedora-2]   |  perl-Fcntl                 aarch64 1.18-519.fc42           updates     92.9 KiB
[integration-test/integration-test-fedora-2]   |  perl-File-Basename         noarch  2.86-519.fc42           updates     14.0 KiB
[integration-test/integration-test-fedora-2]   |  perl-File-Path             noarch  2.18-512.fc42           fedora      63.5 KiB
[integration-test/integration-test-fedora-2]   |  perl-File-Temp             noarch  1:0.231.100-512.fc42    fedora     162.3 KiB
[integration-test/integration-test-fedora-2]   |  perl-File-stat             noarch  1.14-519.fc42           updates     12.5 KiB
[integration-test/integration-test-fedora-2]   |  perl-FileHandle            noarch  2.05-519.fc42           updates      9.3 KiB
[integration-test/integration-test-fedora-2]   |  perl-Getopt-Long           noarch  1:2.58-3.fc42           fedora     144.5 KiB
[integration-test/integration-test-fedora-2]   |  perl-Getopt-Std            noarch  1.14-519.fc42           updates     11.2 KiB
[integration-test/integration-test-fedora-2]   |  perl-Git                   noarch  2.51.1-1.fc42           updates     64.4 KiB
[integration-test/integration-test-fedora-2]   |  perl-HTTP-Tiny             noarch  0.090-2.fc42            fedora     154.4 KiB
[integration-test/integration-test-fedora-2]   |  perl-IO                    aarch64 1.55-519.fc42           updates    191.0 KiB
[integration-test/integration-test-fedora-2]   |  perl-IO-Socket-IP          noarch  0.43-2.fc42             fedora     100.3 KiB
[integration-test/integration-test-fedora-2]   |  perl-IO-Socket-SSL         noarch  2.089-2.fc42            fedora     703.3 KiB
[integration-test/integration-test-fedora-2]   |  perl-IPC-Open3             noarch  1.22-519.fc42           updates     22.5 KiB
[integration-test/integration-test-fedora-2]   |  perl-MIME-Base32           noarch  1.303-23.fc42           fedora      30.7 KiB
[integration-test/integration-test-fedora-2]   |  perl-MIME-Base64           aarch64 3.16-512.fc42           fedora      94.1 KiB
[integration-test/integration-test-fedora-2]   |  perl-Net-SSLeay            aarch64 1.94-8.fc42             fedora       1.4 MiB
[integration-test/integration-test-fedora-2]   |  perl-POSIX                 aarch64 2.20-519.fc42           updates    263.1 KiB
[integration-test/integration-test-fedora-2]   |  perl-PathTools             aarch64 3.91-513.fc42           fedora     224.0 KiB
[integration-test/integration-test-fedora-2]   |  perl-Pod-Escapes           noarch  1:1.07-512.fc42         fedora      24.9 KiB
[integration-test/integration-test-fedora-2]   |  perl-Pod-Perldoc           noarch  3.28.01-513.fc42        fedora     163.7 KiB
[integration-test/integration-test-fedora-2]   |  perl-Pod-Simple            noarch  1:3.45-512.fc42         fedora     560.8 KiB
[integration-test/integration-test-fedora-2]   |  perl-Pod-Usage             noarch  4:2.05-1.fc42           fedora      86.3 KiB
[integration-test/integration-test-fedora-2]   |  perl-Scalar-List-Utils     aarch64 5:1.70-1.fc42           updates    152.9 KiB
[integration-test/integration-test-fedora-2]   |  perl-SelectSaver           noarch  1.02-519.fc42           updates      2.2 KiB
[integration-test/integration-test-fedora-2]   |  perl-Socket                aarch64 4:2.038-512.fc42        fedora     144.0 KiB
[integration-test/integration-test-fedora-2]   |  perl-Storable              aarch64 1:3.32-512.fc42         fedora     244.3 KiB
[integration-test/integration-test-fedora-2]   |  perl-Symbol                noarch  1.09-519.fc42           updates      6.8 KiB
[integration-test/integration-test-fedora-2]   |  perl-Term-ANSIColor        noarch  5.01-513.fc42           fedora      97.5 KiB
[integration-test/integration-test-fedora-2]   |  perl-Term-Cap              noarch  1.18-512.fc42           fedora      29.3 KiB
[integration-test/integration-test-fedora-2]   |  perl-TermReadKey           aarch64 2.38-24.fc42            fedora     108.0 KiB
[integration-test/integration-test-fedora-2]   |  perl-Text-ParseWords       noarch  3.31-512.fc42           fedora      13.6 KiB
[integration-test/integration-test-fedora-2]   |  perl-Text-Tabs+Wrap        noarch  2024.001-512.fc42       fedora      22.6 KiB
[integration-test/integration-test-fedora-2]   |  perl-Time-Local            noarch  2:1.350-512.fc42        fedora      68.9 KiB
[integration-test/integration-test-fedora-2]   |  perl-URI                   noarch  5.31-2.fc42             fedora     257.0 KiB
[integration-test/integration-test-fedora-2]   |  perl-base                  noarch  2.27-519.fc42           updates     12.5 KiB
[integration-test/integration-test-fedora-2]   |  perl-constant              noarch  1.33-513.fc42           fedora      26.2 KiB
[integration-test/integration-test-fedora-2]   |  perl-if                    noarch  0.61.000-519.fc42       updates      5.8 KiB
[integration-test/integration-test-fedora-2]   |  perl-interpreter           aarch64 4:5.40.3-519.fc42       updates    174.3 KiB
[integration-test/integration-test-fedora-2]   |  perl-lib                   aarch64 0.65-519.fc42           updates      8.5 KiB
[integration-test/integration-test-fedora-2]   |  perl-libnet                noarch  3.15-513.fc42           fedora     289.4 KiB
[integration-test/integration-test-fedora-2]   |  perl-libs                  aarch64 4:5.40.3-519.fc42       updates      9.9 MiB
[integration-test/integration-test-fedora-2]   |  perl-locale                noarch  1.12-519.fc42           updates      6.5 KiB
[integration-test/integration-test-fedora-2]   |  perl-mro                   aarch64 1.29-519.fc42           updates     81.6 KiB
[integration-test/integration-test-fedora-2]   |  perl-overload              noarch  1.37-519.fc42           updates     71.5 KiB
[integration-test/integration-test-fedora-2]   |  perl-overloading           noarch  0.02-519.fc42           updates      4.8 KiB
[integration-test/integration-test-fedora-2]   |  perl-parent                noarch  1:0.244-2.fc42          fedora      10.3 KiB
[integration-test/integration-test-fedora-2]   |  perl-podlators             noarch  1:6.0.2-3.fc42          fedora     317.5 KiB
[integration-test/integration-test-fedora-2]   |  perl-vars                  noarch  1.05-519.fc42           updates      3.9 KiB
[integration-test/integration-test-fedora-2]   |  procps-ng                  aarch64 4.0.4-6.fc42.1          updates      1.7 MiB
[integration-test/integration-test-fedora-2]   |  protobuf-c                 aarch64 1.5.1-1.fc42            updates     77.7 KiB
[integration-test/integration-test-fedora-2]   |  python-pip-wheel           noarch  24.3.1-5.fc42           updates      1.2 MiB
[integration-test/integration-test-fedora-2]   |  python3-libs               aarch64 3.13.9-1.fc42           updates     42.2 MiB
[integration-test/integration-test-fedora-2]   |  tpm2-tss                   aarch64 4.1.3-6.fc42            fedora       2.1 MiB
[integration-test/integration-test-fedora-2]   |  unbound-libs               aarch64 1.24.1-1.fc42           updates      1.4 MiB
[integration-test/integration-test-fedora-2]   |  util-linux                 aarch64 2.40.4-7.fc42           fedora       6.6 MiB
[integration-test/integration-test-fedora-2]   |  wget2                      aarch64 2.2.0-5.fc42            updates      1.1 MiB
[integration-test/integration-test-fedora-2]   |  wget2-libs                 aarch64 2.2.0-5.fc42            updates    369.5 KiB
[integration-test/integration-test-fedora-2]   |  xml-common                 noarch  0.6.3-66.fc42           fedora      78.4 KiB
[integration-test/integration-test-fedora-2]   |  xmlsec1                    aarch64 1:1.2.41-2.fc42         fedora     598.5 KiB
[integration-test/integration-test-fedora-2]   |  xmlsec1-openssl            aarch64 1:1.2.41-2.fc42         fedora     325.1 KiB
[integration-test/integration-test-fedora-2]   |  xxhash-libs                aarch64 0.8.3-2.fc42            fedora      85.9 KiB
[integration-test/integration-test-fedora-2]   | Installing weak dependencies:
[integration-test/integration-test-fedora-2]   |  gnupg2-smime               aarch64 2.4.7-2.fc42            fedora     610.0 KiB
[integration-test/integration-test-fedora-2]   |  perl-NDBM_File             aarch64 1.17-519.fc42           updates     72.5 KiB
[integration-test/integration-test-fedora-2]   |  pinentry                   aarch64 1.3.1-3.fc42            fedora     249.9 KiB
[integration-test/integration-test-fedora-2]   |  python-unversioned-command noarch  3.13.9-1.fc42           updates     23.0   B
[integration-test/integration-test-fedora-2]   |  python3                    aarch64 3.13.9-1.fc42           updates     84.7 KiB
[integration-test/integration-test-fedora-2]   |  unbound-anchor             aarch64 1.24.1-1.fc42           updates     73.6 KiB
[integration-test/integration-test-fedora-2]   |
[integration-test/integration-test-fedora-2]   | Transaction Summary:
[integration-test/integration-test-fedora-2]   |  Installing:       119 packages
[integration-test/integration-test-fedora-2]   |
[integration-test/integration-test-fedora-2]   | Total size of inbound packages is 67 MiB. Need to download 67 MiB.
[integration-test/integration-test-fedora-2]   | After this operation, 910 MiB extra will be used (install 910 MiB, remove 0 B).
[integration-test/integration-test-fedora-1]   |  Fedora 42 - aarch64 - Updates          100% |   1.3 MiB/s |  10.1 MiB |  00m08s
[integration-test/integration-test-fedora-2]   | [  1/119] jq-0:1.7.1-11.fc42.aarch64    100% | 708.2 KiB/s | 194.7 KiB |  00m00s
[integration-test/integration-test-fedora-2]   | [  2/119] oniguruma-0:6.9.10-2.fc42.aar 100% | 687.5 KiB/s | 214.5 KiB |  00m00s
[e2e-test/e2e-test                         ]   | Repositories loaded.
[integration-test/integration-test-fedora-2]   | [  3/119] make-1:4.4.1-10.fc42.aarch64  100% |   1.4 MiB/s | 584.7 KiB |  00m00s
[integration-test/integration-test-fedora-2]   | [  4/119] wget2-wget-0:2.2.0-5.fc42.aar 100% |  70.3 KiB/s |   9.7 KiB |  00m00s
[integration-test/integration-test-fedora-2]   | [  5/119] wget2-0:2.2.0-5.fc42.aarch64  100% | 757.6 KiB/s | 277.3 KiB |  00m00s
[integration-test/integration-test-fedora-2]   | [  6/119] wget2-libs-0:2.2.0-5.fc42.aar 100% | 476.7 KiB/s | 145.9 KiB |  00m00s
[Standardized CI/Reusable CI/Run linters] Non-terminating error while running 'git clone': some refs were not updated
[integration-test/integration-test-fedora-2]   | [  7/119] xml-common-0:0.6.3-66.fc42.no 100% | 410.5 KiB/s |  31.2 KiB |  00m00s
[integration-test/integration-test-fedora-2]   | [  8/119] git-0:2.51.1-1.fc42.aarch64   100% | 522.8 KiB/s |  40.8 KiB |  00m00s
[Standardized CI/Reusable CI/Run linters] ⭐ Run Main Checkout Code
[Standardized CI/Reusable CI/Run linters]   🐳  docker cp src=/Users/sonu/GitHub/complyctl/. dst=/Users/sonu/GitHub/complyctl
[integration-test/integration-test-fedora-2]   | [  9/119] git-core-doc-0:2.51.1-1.fc42. 100% |   8.2 MiB/s |   3.0 MiB |  00m00s
[OSV-Scanner/OSV-Scanner PR Scanning/osv-scan] Non-terminating error while running 'git clone': some refs were not updated
[OSV-Scanner/OSV-Scanner PR Scanning/osv-scan]   ☁  git clone 'https://github.com/google/osv-scanner-action' # ref=d510e7d909b203e4aa41380fa1e74c20cad9fadf
[integration-test/integration-test-fedora-2]   | [ 10/119] scap-security-guide-0:0.1.78- 100% |  16.4 MiB/s |  13.5 MiB |  00m01s
[integration-test/integration-test-fedora-2]   | [ 11/119] perl-Git-0:2.51.1-1.fc42.noar 100% | 347.6 KiB/s |  37.9 KiB |  00m00s
[integration-test/integration-test-fedora-2]   | [ 12/119] perl-Getopt-Long-1:2.58-3.fc4 100% |   1.2 MiB/s |  63.7 KiB |  00m00s
[integration-test/integration-test-fedora-2]   | [ 13/119] perl-TermReadKey-0:2.38-24.fc 100% | 422.4 KiB/s |  35.5 KiB |  00m00s
[OSV-Scanner/OSV-Scanner PR Scanning/osv-scan] Non-terminating error while running 'git clone': some refs were not updated
[OSV-Scanner/OSV-Scanner PR Scanning/osv-scan]   ☁  git clone 'https://github.com/google/osv-scanner-action' # ref=d510e7d909b203e4aa41380fa1e74c20cad9fadf
[integration-test/integration-test-fedora-2]   | [ 14/119] perl-PathTools-0:3.91-513.fc4 100% | 589.7 KiB/s |  87.3 KiB |  00m00s
[integration-test/integration-test-fedora-2]   | [ 15/119] perl-Error-1:0.17030-1.fc42.n 100% | 538.3 KiB/s |  40.4 KiB |  00m00s
[integration-test/integration-test-fedora-2]   | [ 16/119] perl-Exporter-0:5.78-512.fc42 100% | 313.0 KiB/s |  31.0 KiB |  00m00s
[integration-test/integration-test-fedora-2]   | [ 17/119] perl-constant-0:1.33-513.fc42 100% | 306.4 KiB/s |  23.0 KiB |  00m00s
[integration-test/integration-test-fedora-2]   | [ 18/119] git-core-0:2.51.1-1.fc42.aarc 100% |   6.4 MiB/s |   5.0 MiB |  00m01s
[integration-test/integration-test-fedora-2]   | [ 19/119] perl-Text-ParseWords-0:3.31-5 100% | 310.9 KiB/s |  16.5 KiB |  00m00s
[integration-test/integration-test-fedora-2]   | [ 20/119] perl-Pod-Usage-4:2.05-1.fc42. 100% | 554.9 KiB/s |  40.5 KiB |  00m00s
[integration-test/integration-test-fedora-2]   | [ 21/119] perl-Carp-0:1.54-512.fc42.noa 100% | 283.0 KiB/s |  28.9 KiB |  00m00s
[integration-test/integration-test-fedora-2]   | [ 22/119] perl-Pod-Perldoc-0:3.28.01-51 100% |   1.1 MiB/s |  85.8 KiB |  00m00s
[integration-test/integration-test-fedora-2]   | [ 23/119] perl-podlators-1:6.0.2-3.fc42 100% |   1.1 MiB/s | 128.6 KiB |  00m00s
[e2e-test/e2e-test                         ]   | Package                     Arch    Version                 Repository      Size
[e2e-test/e2e-test                         ]   | Installing:
[e2e-test/e2e-test                         ]   |  gh                         aarch64 2.79.0-1.fc42           updates     51.9 MiB
[e2e-test/e2e-test                         ]   |  git                        aarch64 2.51.1-1.fc42           updates     56.4 KiB
[e2e-test/e2e-test                         ]   |  jq                         aarch64 1.7.1-11.fc42           fedora     466.4 KiB
[e2e-test/e2e-test                         ]   |  make                       aarch64 1:4.4.1-10.fc42         fedora       1.8 MiB
[e2e-test/e2e-test                         ]   |  scap-security-guide        noarch  0.1.78-1.fc42           updates    636.2 MiB
[e2e-test/e2e-test                         ]   |  wget2-wget                 aarch64 2.2.0-5.fc42            updates     42.0   B
[e2e-test/e2e-test                         ]   | Installing dependencies:
[e2e-test/e2e-test                         ]   |  apt-libs                   aarch64 2.9.8-1.fc42            fedora       3.6 MiB
[e2e-test/e2e-test                         ]   |  dbus                       aarch64 1:1.16.0-3.fc42         fedora       0.0   B
[e2e-test/e2e-test                         ]   |  dbus-libs                  aarch64 1:1.16.0-3.fc42         fedora     397.5 KiB
[e2e-test/e2e-test                         ]   |  expat                      aarch64 2.7.2-1.fc42            updates    358.5 KiB
[e2e-test/e2e-test                         ]   |  git-core                   aarch64 2.51.1-1.fc42           updates     23.4 MiB
[e2e-test/e2e-test                         ]   |  git-core-doc               noarch  2.51.1-1.fc42           updates     17.7 MiB
[e2e-test/e2e-test                         ]   |  gnupg2                     aarch64 2.4.7-2.fc42            fedora      10.4 MiB
[e2e-test/e2e-test                         ]   |  gnutls-dane                aarch64 3.8.10-1.fc42           updates     68.9 KiB
[e2e-test/e2e-test                         ]   |  gpgme                      aarch64 1.24.3-1.fc42           updates    691.3 KiB
[e2e-test/e2e-test                         ]   |  groff-base                 aarch64 1.23.0-8.fc42           fedora       4.2 MiB
[e2e-test/e2e-test                         ]   |  hiredis                    aarch64 1.2.0-6.fc42            fedora     201.8 KiB
[e2e-test/e2e-test                         ]   |  less                       aarch64 679-1.fc42              updates    553.9 KiB
[e2e-test/e2e-test                         ]   |  libassuan                  aarch64 2.5.7-3.fc42            fedora     215.8 KiB
[e2e-test/e2e-test                         ]   |  libb2                      aarch64 0.98.1-13.fc42          fedora      74.1 KiB
[e2e-test/e2e-test                         ]   |  libcbor                    aarch64 0.11.0-3.fc42           fedora     137.9 KiB
[e2e-test/e2e-test                         ]   |  libedit                    aarch64 3.1-56.20251016cvs.fc42 updates    280.2 KiB
[e2e-test/e2e-test                         ]   |  libfdisk                   aarch64 2.40.4-7.fc42           fedora     418.8 KiB
[e2e-test/e2e-test                         ]   |  libfido2                   aarch64 1.15.0-3.fc42           fedora     278.3 KiB
[e2e-test/e2e-test                         ]   |  libgcrypt                  aarch64 1.11.0-5.fc42           fedora       1.1 MiB
[e2e-test/e2e-test                         ]   |  libgpg-error               aarch64 1.51-2.fc42             fedora     954.0 KiB
[e2e-test/e2e-test                         ]   |  libksba                    aarch64 1.6.7-3.fc42            fedora     398.4 KiB
[e2e-test/e2e-test                         ]   |  libsecret                  aarch64 0.21.7-4.fc42           updates    625.3 KiB
[e2e-test/e2e-test                         ]   |  libusb1                    aarch64 1.0.29-4.fc42           updates    178.9 KiB
[e2e-test/e2e-test                         ]   |  libxslt                    aarch64 1.1.43-1.fc42           fedora     548.2 KiB
[e2e-test/e2e-test                         ]   |  mpdecimal                  aarch64 4.0.1-1.fc42            updates    281.2 KiB
[e2e-test/e2e-test                         ]   |  ncurses                    aarch64 6.5-5.20250125.fc42     fedora     891.9 KiB
[e2e-test/e2e-test                         ]   |  npth                       aarch64 1.8-2.fc42              fedora      93.5 KiB
[e2e-test/e2e-test                         ]   |  oniguruma                  aarch64 6.9.10-2.fc42           fedora     830.8 KiB
[e2e-test/e2e-test                         ]   |  opendbx                    aarch64 1.4.6-39.fc42           fedora     193.6 KiB
[e2e-test/e2e-test                         ]   |  openscap                   aarch64 1:1.4.2-2.fc42          updates     65.4 MiB
[e2e-test/e2e-test                         ]   |  openscap-scanner           aarch64 1:1.4.2-2.fc42          updates    148.2 KiB
[e2e-test/e2e-test                         ]   |  openssh                    aarch64 9.9p1-11.fc42           updates      1.4 MiB
[e2e-test/e2e-test                         ]   |  openssh-clients            aarch64 9.9p1-11.fc42           updates      2.8 MiB
[e2e-test/e2e-test                         ]   |  perl-AutoLoader            noarch  5.74-519.fc42           updates     20.5 KiB
[e2e-test/e2e-test                         ]   |  perl-B                     aarch64 1.89-519.fc42           updates    542.0 KiB
[e2e-test/e2e-test                         ]   |  perl-Carp                  noarch  1.54-512.fc42           fedora      46.6 KiB
[e2e-test/e2e-test                         ]   |  perl-Class-Struct          noarch  0.68-519.fc42           updates     25.4 KiB
[e2e-test/e2e-test                         ]   |  perl-Data-Dumper           aarch64 2.189-513.fc42          fedora     135.6 KiB
[e2e-test/e2e-test                         ]   |  perl-Digest                noarch  1.20-512.fc42           fedora      35.3 KiB
[e2e-test/e2e-test                         ]   |  perl-Digest-MD5            aarch64 2.59-6.fc42             fedora     103.7 KiB
[e2e-test/e2e-test                         ]   |  perl-DynaLoader            aarch64 1.56-519.fc42           updates     32.1 KiB
[e2e-test/e2e-test                         ]   |  perl-Encode                aarch64 4:3.21-512.fc42         fedora       4.8 MiB
[e2e-test/e2e-test                         ]   |  perl-Errno                 aarch64 1.38-519.fc42           updates      8.3 KiB
[e2e-test/e2e-test                         ]   |  perl-Error                 noarch  1:0.17030-1.fc42        fedora      76.7 KiB
[e2e-test/e2e-test                         ]   |  perl-Exporter              noarch  5.78-512.fc42           fedora      54.3 KiB
[e2e-test/e2e-test                         ]   |  perl-Fcntl                 aarch64 1.18-519.fc42           updates     92.9 KiB
[e2e-test/e2e-test                         ]   |  perl-File-Basename         noarch  2.86-519.fc42           updates     14.0 KiB
[e2e-test/e2e-test                         ]   |  perl-File-Path             noarch  2.18-512.fc42           fedora      63.5 KiB
[e2e-test/e2e-test                         ]   |  perl-File-Temp             noarch  1:0.231.100-512.fc42    fedora     162.3 KiB
[e2e-test/e2e-test                         ]   |  perl-File-stat             noarch  1.14-519.fc42           updates     12.5 KiB
[e2e-test/e2e-test                         ]   |  perl-FileHandle            noarch  2.05-519.fc42           updates      9.3 KiB
[e2e-test/e2e-test                         ]   |  perl-Getopt-Long           noarch  1:2.58-3.fc42           fedora     144.5 KiB
[e2e-test/e2e-test                         ]   |  perl-Getopt-Std            noarch  1.14-519.fc42           updates     11.2 KiB
[e2e-test/e2e-test                         ]   |  perl-Git                   noarch  2.51.1-1.fc42           updates     64.4 KiB
[e2e-test/e2e-test                         ]   |  perl-HTTP-Tiny             noarch  0.090-2.fc42            fedora     154.4 KiB
[e2e-test/e2e-test                         ]   |  perl-IO                    aarch64 1.55-519.fc42           updates    191.0 KiB
[e2e-test/e2e-test                         ]   |  perl-IO-Socket-IP          noarch  0.43-2.fc42             fedora     100.3 KiB
[e2e-test/e2e-test                         ]   |  perl-IO-Socket-SSL         noarch  2.089-2.fc42            fedora     703.3 KiB
[e2e-test/e2e-test                         ]   |  perl-IPC-Open3             noarch  1.22-519.fc42           updates     22.5 KiB
[e2e-test/e2e-test                         ]   |  perl-MIME-Base32           noarch  1.303-23.fc42           fedora      30.7 KiB
[e2e-test/e2e-test                         ]   |  perl-MIME-Base64           aarch64 3.16-512.fc42           fedora      94.1 KiB
[e2e-test/e2e-test                         ]   |  perl-Net-SSLeay            aarch64 1.94-8.fc42             fedora       1.4 MiB
[e2e-test/e2e-test                         ]   |  perl-POSIX                 aarch64 2.20-519.fc42           updates    263.1 KiB
[e2e-test/e2e-test                         ]   |  perl-PathTools             aarch64 3.91-513.fc42           fedora     224.0 KiB
[e2e-test/e2e-test                         ]   |  perl-Pod-Escapes           noarch  1:1.07-512.fc42         fedora      24.9 KiB
[e2e-test/e2e-test                         ]   |  perl-Pod-Perldoc           noarch  3.28.01-513.fc42        fedora     163.7 KiB
[e2e-test/e2e-test                         ]   |  perl-Pod-Simple            noarch  1:3.45-512.fc42         fedora     560.8 KiB
[e2e-test/e2e-test                         ]   |  perl-Pod-Usage             noarch  4:2.05-1.fc42           fedora      86.3 KiB
[e2e-test/e2e-test                         ]   |  perl-Scalar-List-Utils     aarch64 5:1.70-1.fc42           updates    152.9 KiB
[e2e-test/e2e-test                         ]   |  perl-SelectSaver           noarch  1.02-519.fc42           updates      2.2 KiB
[e2e-test/e2e-test                         ]   |  perl-Socket                aarch64 4:2.038-512.fc42        fedora     144.0 KiB
[e2e-test/e2e-test                         ]   |  perl-Storable              aarch64 1:3.32-512.fc42         fedora     244.3 KiB
[e2e-test/e2e-test                         ]   |  perl-Symbol                noarch  1.09-519.fc42           updates      6.8 KiB
[e2e-test/e2e-test                         ]   |  perl-Term-ANSIColor        noarch  5.01-513.fc42           fedora      97.5 KiB
[e2e-test/e2e-test                         ]   |  perl-Term-Cap              noarch  1.18-512.fc42           fedora      29.3 KiB
[e2e-test/e2e-test                         ]   |  perl-TermReadKey           aarch64 2.38-24.fc42            fedora     108.0 KiB
[e2e-test/e2e-test                         ]   |  perl-Text-ParseWords       noarch  3.31-512.fc42           fedora      13.6 KiB
[e2e-test/e2e-test                         ]   |  perl-Text-Tabs+Wrap        noarch  2024.001-512.fc42       fedora      22.6 KiB
[e2e-test/e2e-test                         ]   |  perl-Time-Local            noarch  2:1.350-512.fc42        fedora      68.9 KiB
[e2e-test/e2e-test                         ]   |  perl-URI                   noarch  5.31-2.fc42             fedora     257.0 KiB
[e2e-test/e2e-test                         ]   |  perl-base                  noarch  2.27-519.fc42           updates     12.5 KiB
[e2e-test/e2e-test                         ]   |  perl-constant              noarch  1.33-513.fc42           fedora      26.2 KiB
[e2e-test/e2e-test                         ]   |  perl-if                    noarch  0.61.000-519.fc42       updates      5.8 KiB
[e2e-test/e2e-test                         ]   |  perl-interpreter           aarch64 4:5.40.3-519.fc42       updates    174.3 KiB
[e2e-test/e2e-test                         ]   |  perl-lib                   aarch64 0.65-519.fc42           updates      8.5 KiB
[e2e-test/e2e-test                         ]   |  perl-libnet                noarch  3.15-513.fc42           fedora     289.4 KiB
[e2e-test/e2e-test                         ]   |  perl-libs                  aarch64 4:5.40.3-519.fc42       updates      9.9 MiB
[e2e-test/e2e-test                         ]   |  perl-locale                noarch  1.12-519.fc42           updates      6.5 KiB
[e2e-test/e2e-test                         ]   |  perl-mro                   aarch64 1.29-519.fc42           updates     81.6 KiB
[e2e-test/e2e-test                         ]   |  perl-overload              noarch  1.37-519.fc42           updates     71.5 KiB
[e2e-test/e2e-test                         ]   |  perl-overloading           noarch  0.02-519.fc42           updates      4.8 KiB
[e2e-test/e2e-test                         ]   |  perl-parent                noarch  1:0.244-2.fc42          fedora      10.3 KiB
[e2e-test/e2e-test                         ]   |  perl-podlators             noarch  1:6.0.2-3.fc42          fedora     317.5 KiB
[e2e-test/e2e-test                         ]   |  perl-vars                  noarch  1.05-519.fc42           updates      3.9 KiB
[e2e-test/e2e-test                         ]   |  procps-ng                  aarch64 4.0.4-6.fc42.1          updates      1.7 MiB
[e2e-test/e2e-test                         ]   |  protobuf-c                 aarch64 1.5.1-1.fc42            updates     77.7 KiB
[e2e-test/e2e-test                         ]   |  python-pip-wheel           noarch  24.3.1-5.fc42           updates      1.2 MiB
[e2e-test/e2e-test                         ]   |  python3-libs               aarch64 3.13.9-1.fc42           updates     42.2 MiB
[e2e-test/e2e-test                         ]   |  tpm2-tss                   aarch64 4.1.3-6.fc42            fedora       2.1 MiB
[e2e-test/e2e-test                         ]   |  unbound-libs               aarch64 1.24.1-1.fc42           updates      1.4 MiB
[e2e-test/e2e-test                         ]   |  util-linux                 aarch64 2.40.4-7.fc42           fedora       6.6 MiB
[e2e-test/e2e-test                         ]   |  wget2                      aarch64 2.2.0-5.fc42            updates      1.1 MiB
[e2e-test/e2e-test                         ]   |  wget2-libs                 aarch64 2.2.0-5.fc42            updates    369.5 KiB
[e2e-test/e2e-test                         ]   |  xml-common                 noarch  0.6.3-66.fc42           fedora      78.4 KiB
[e2e-test/e2e-test                         ]   |  xmlsec1                    aarch64 1:1.2.41-2.fc42         fedora     598.5 KiB
[e2e-test/e2e-test                         ]   |  xmlsec1-openssl            aarch64 1:1.2.41-2.fc42         fedora     325.1 KiB
[e2e-test/e2e-test                         ]   |  xxhash-libs                aarch64 0.8.3-2.fc42            fedora      85.9 KiB
[e2e-test/e2e-test                         ]   | Installing weak dependencies:
[e2e-test/e2e-test                         ]   |  gnupg2-smime               aarch64 2.4.7-2.fc42            fedora     610.0 KiB
[e2e-test/e2e-test                         ]   |  perl-NDBM_File             aarch64 1.17-519.fc42           updates     72.5 KiB
[e2e-test/e2e-test                         ]   |  pinentry                   aarch64 1.3.1-3.fc42            fedora     249.9 KiB
[e2e-test/e2e-test                         ]   |  python-unversioned-command noarch  3.13.9-1.fc42           updates     23.0   B
[e2e-test/e2e-test                         ]   |  python3                    aarch64 3.13.9-1.fc42           updates     84.7 KiB
[e2e-test/e2e-test                         ]   |  unbound-anchor             aarch64 1.24.1-1.fc42           updates     73.6 KiB
[e2e-test/e2e-test                         ]   |
[e2e-test/e2e-test                         ]   | Transaction Summary:
[e2e-test/e2e-test                         ]   |  Installing:       119 packages
[e2e-test/e2e-test                         ]   |
[e2e-test/e2e-test                         ]   | Total size of inbound packages is 67 MiB. Need to download 67 MiB.
[e2e-test/e2e-test                         ]   | After this operation, 910 MiB extra will be used (install 910 MiB, remove 0 B).
[integration-test/integration-test-fedora-2]   | [ 24/119] perl-File-Temp-1:0.231.100-51 100% | 712.8 KiB/s |  59.2 KiB |  00m00s
[integration-test/integration-test-fedora-2]   | [ 25/119] perl-HTTP-Tiny-0:0.090-2.fc42 100% | 753.7 KiB/s |  56.5 KiB |  00m00s
[integration-test/integration-test-fedora-2]   | [ 26/119] perl-Encode-4:3.21-512.fc42.a 100% |   4.4 MiB/s |   1.0 MiB |  00m00s
[OSV-Scanner/OSV-Scanner PR Scanning/osv-scan] Non-terminating error while running 'git clone': some refs were not updated
[OSV-Scanner/OSV-Scanner PR Scanning/osv-scan]   ☁  git clone 'https://github.com/actions/upload-artifact' # ref=ea165f8d65b6e75b540449e92b4886f43607fa02
[integration-test/integration-test-fedora-2]   | [ 27/119] groff-base-0:1.23.0-8.fc42.aa 100% |   3.4 MiB/s |   1.1 MiB |  00m00s
[integration-test/integration-test-fedora-2]   | [ 28/119] perl-Pod-Simple-1:3.45-512.fc 100% |   2.1 MiB/s | 219.0 KiB |  00m00s
[integration-test/integration-test-fedora-2]   | [ 29/119] perl-parent-1:0.244-2.fc42.no 100% | 141.0 KiB/s |  15.2 KiB |  00m00s
[integration-test/integration-test-fedora-2]   | [ 30/119] perl-Term-ANSIColor-0:5.01-51 100% | 867.1 KiB/s |  47.7 KiB |  00m00s
[integration-test/integration-test-fedora-2]   | [ 31/119] perl-Term-Cap-0:1.18-512.fc42 100% | 284.0 KiB/s |  22.2 KiB |  00m00s
[integration-test/integration-test-fedora-2]   | [ 32/119] perl-MIME-Base64-0:3.16-512.f 100% | 577.9 KiB/s |  30.1 KiB |  00m00s
[integration-test/integration-test-fedora-2]   | [ 33/119] perl-Storable-1:3.32-512.fc42 100% |   1.1 MiB/s |  96.1 KiB |  00m00s
[integration-test/integration-test-fedora-2]   | [ 34/119] perl-File-Path-0:2.18-512.fc4 100% | 606.5 KiB/s |  35.2 KiB |  00m00s
[integration-test/integration-test-fedora-2]   | [ 35/119] perl-IO-Socket-SSL-0:2.089-2. 100% |   2.4 MiB/s | 230.2 KiB |  00m00s
[integration-test/integration-test-fedora-2]   | [ 36/119] perl-Net-SSLeay-0:1.94-8.fc42 100% |   4.2 MiB/s | 378.4 KiB |  00m00s
[e2e-test/e2e-test                         ]   | [  1/119] jq-0:1.7.1-11.fc42.aarch64    100% | 421.5 KiB/s | 194.7 KiB |  00m00s
[integration-test/integration-test-fedora-2]   | [ 37/119] perl-Socket-4:2.038-512.fc42. 100% | 475.4 KiB/s |  55.1 KiB |  00m00s
[integration-test/integration-test-fedora-2]   | [ 38/119] perl-Pod-Escapes-1:1.07-512.f 100% | 440.4 KiB/s |  19.8 KiB |  00m00s
[integration-test/integration-test-fedora-2]   | [ 39/119] perl-Time-Local-2:1.350-512.f 100% | 420.3 KiB/s |  34.5 KiB |  00m00s
[e2e-test/e2e-test                         ]   | [  2/119] make-1:4.4.1-10.fc42.aarch64  100% |   1.0 MiB/s | 584.7 KiB |  00m01s
[integration-test/integration-test-fedora-2]   | [ 40/119] perl-Text-Tabs+Wrap-0:2024.00 100% | 298.6 KiB/s |  21.8 KiB |  00m00s
[integration-test/integration-test-fedora-2]   | [ 41/119] perl-IO-Socket-IP-0:0.43-2.fc 100% | 572.5 KiB/s |  42.4 KiB |  00m00s
[integration-test/integration-test-fedora-2]   | [ 42/119] ncurses-0:6.5-5.20250125.fc42 100% |   3.5 MiB/s | 422.0 KiB |  00m00s
[e2e-test/e2e-test                         ]   | [  3/119] wget2-wget-0:2.2.0-5.fc42.aar 100% |  53.0 KiB/s |   9.7 KiB |  00m00s
[integration-test/integration-test-fedora-2]   | [ 43/119] perl-URI-0:5.31-2.fc42.noarch 100% |   1.6 MiB/s | 140.7 KiB |  00m00s
[e2e-test/e2e-test                         ]   | [  4/119] oniguruma-0:6.9.10-2.fc42.aar 100% | 327.5 KiB/s | 214.5 KiB |  00m01s
[integration-test/integration-test-fedora-2]   | [ 44/119] perl-Data-Dumper-0:2.189-513. 100% | 625.3 KiB/s |  55.0 KiB |  00m00s
[integration-test/integration-test-fedora-2]   | [ 45/119] perl-MIME-Base32-0:1.303-23.f 100% | 373.0 KiB/s |  20.5 KiB |  00m00s
[integration-test/integration-test-fedora-2]   | [ 46/119] perl-libnet-0:3.15-513.fc42.n 100% |   2.2 MiB/s | 128.4 KiB |  00m00s
[integration-test/integration-test-fedora-2]   | [ 47/119] perl-Digest-0:1.20-512.fc42.n 100% | 530.5 KiB/s |  24.9 KiB |  00m00s
[integration-test/integration-test-fedora-2]   | [ 48/119] perl-Digest-MD5-0:2.59-6.fc42 100% | 432.8 KiB/s |  35.9 KiB |  00m00s
[e2e-test/e2e-test                         ]   | [  5/119] wget2-0:2.2.0-5.fc42.aarch64  100% |   1.2 MiB/s | 277.3 KiB |  00m00s
[integration-test/integration-test-fedora-2]   | [ 49/119] perl-File-Basename-0:2.86-519 100% | 215.0 KiB/s |  17.0 KiB |  00m00s
[e2e-test/e2e-test                         ]   | [  6/119] wget2-libs-0:2.2.0-5.fc42.aar 100% | 863.1 KiB/s | 145.9 KiB |  00m00s
[e2e-test/e2e-test                         ]   | [  7/119] xml-common-0:0.6.3-66.fc42.no 100% | 480.0 KiB/s |  31.2 KiB |  00m00s
[integration-test/integration-test-fedora-2]   | [ 50/119] perl-POSIX-0:2.20-519.fc42.aa 100% | 715.3 KiB/s |  97.3 KiB |  00m00s
[OSV-Scanner/OSV-Scanner PR Scanning/osv-scan]   ☁  git clone 'https://github.com/actions/upload-artifact' # ref=ea165f8d65b6e75b540449e92b4886f43607fa02
[integration-test/integration-test-fedora-2]   | [ 51/119] perl-interpreter-4:5.40.3-519 100% | 868.3 KiB/s |  72.1 KiB |  00m00s
[integration-test/integration-test-fedora-2]   | [ 52/119] perl-Errno-0:1.38-519.fc42.aa 100% | 207.6 KiB/s |  14.7 KiB |  00m00s
[integration-test/integration-test-fedora-2]   | [ 53/119] perl-Fcntl-0:1.18-519.fc42.aa 100% | 380.4 KiB/s |  29.7 KiB |  00m00s
[integration-test/integration-test-fedora-2]   | [ 54/119] perl-FileHandle-0:2.05-519.fc 100% | 172.2 KiB/s |  15.3 KiB |  00m00s
[integration-test/integration-test-fedora-2]   | [ 55/119] perl-libs-4:5.40.3-519.fc42.a 100% |   5.4 MiB/s |   2.3 MiB |  00m00s
[integration-test/integration-test-fedora-2]   | [ 56/119] perl-Symbol-0:1.09-519.fc42.n 100% | 167.1 KiB/s |  14.0 KiB |  00m00s
[integration-test/integration-test-fedora-2]   | [ 57/119] perl-IO-0:1.55-519.fc42.aarch 100% | 723.1 KiB/s |  81.7 KiB |  00m00s
[integration-test/integration-test-fedora-2]   | [ 58/119] perl-Scalar-List-Utils-5:1.70 100% | 601.4 KiB/s |  72.8 KiB |  00m00s
[integration-test/integration-test-fedora-2]   | [ 59/119] perl-base-0:2.27-519.fc42.noa 100% | 155.7 KiB/s |  16.0 KiB |  00m00s
[integration-test/integration-test-fedora-2]   | [ 60/119] gh-0:2.79.0-1.fc42.aarch64    100% |  15.0 MiB/s |  12.9 MiB |  00m01s
[integration-test/integration-test-fedora-2]   | [ 61/119] perl-DynaLoader-0:1.56-519.fc 100% | 237.1 KiB/s |  25.8 KiB |  00m00s
[integration-test/integration-test-fedora-2]   | [ 62/119] perl-overload-0:1.37-519.fc42 100% | 408.8 KiB/s |  45.4 KiB |  00m00s
[integration-test/integration-test-fedora-2]   | [ 63/119] perl-IPC-Open3-0:1.22-519.fc4 100% | 314.3 KiB/s |  21.7 KiB |  00m00s
[integration-test/integration-test-fedora-2]   | [ 64/119] perl-vars-0:1.05-519.fc42.noa 100% | 160.4 KiB/s |  12.8 KiB |  00m00s
[integration-test/integration-test-fedora-2]   | [ 65/119] perl-if-0:0.61.000-519.fc42.n 100% | 150.4 KiB/s |  13.8 KiB |  00m00s
[e2e-test/e2e-test                         ]   | [  8/119] scap-security-guide-0:0.1.78- 100% |  13.5 MiB/s |  13.5 MiB |  00m01s
[e2e-test/e2e-test                         ]   | [  9/119] git-0:2.51.1-1.fc42.aarch64   100% |  48.1 KiB/s |  40.8 KiB |  00m01s
[integration-test/integration-test-fedora-2]   | [ 66/119] perl-AutoLoader-0:5.74-519.fc 100% | 165.8 KiB/s |  21.1 KiB |  00m00s
[integration-test/integration-test-fedora-2]   | [ 67/119] perl-Getopt-Std-0:1.14-519.fc 100% | 132.6 KiB/s |  15.5 KiB |  00m00s
[integration-test/integration-test-fedora-2]   | [ 68/119] perl-B-0:1.89-519.fc42.aarch6 100% |   1.4 MiB/s | 176.6 KiB |  00m00s
[integration-test/integration-test-fedora-2]   | [ 69/119] gnutls-dane-0:3.8.10-1.fc42.a 100% | 431.8 KiB/s |  37.6 KiB |  00m00s
[integration-test/integration-test-fedora-2]   | [ 70/119] gpgme-0:1.24.3-1.fc42.aarch64 100% |   2.6 MiB/s | 215.9 KiB |  00m00s
[integration-test/integration-test-fedora-1]   | Repositories loaded.
[OSV-Scanner/OSV-Scanner PR Scanning/osv-scan]   ☁  git clone 'https://github.com/actions/upload-artifact' # ref=ea165f8d65b6e75b540449e92b4886f43607fa02
[integration-test/integration-test-fedora-2]   | [ 71/119] libassuan-0:2.5.7-3.fc42.aarc 100% | 556.0 KiB/s |  66.7 KiB |  00m00s
[e2e-test/e2e-test                         ]   | [ 10/119] git-core-0:2.51.1-1.fc42.aarc 100% |   4.5 MiB/s |   5.0 MiB |  00m01s
[e2e-test/e2e-test                         ]   | [ 11/119] perl-Git-0:2.51.1-1.fc42.noar 100% | 116.9 KiB/s |  37.9 KiB |  00m00s
[integration-test/integration-test-fedora-2]   | [ 72/119] libgpg-error-0:1.51-2.fc42.aa 100% |   1.5 MiB/s | 235.9 KiB |  00m00s
[e2e-test/e2e-test                         ]   | [ 12/119] perl-Getopt-Long-1:2.58-3.fc4 100% | 872.7 KiB/s |  63.7 KiB |  00m00s
[integration-test/integration-test-fedora-2]   | [ 73/119] libksba-0:1.6.7-3.fc42.aarch6 100% |   2.5 MiB/s | 159.0 KiB |  00m00s
[e2e-test/e2e-test                         ]   | [ 13/119] perl-PathTools-0:3.91-513.fc4 100% | 709.5 KiB/s |  87.3 KiB |  00m00s
[integration-test/integration-test-fedora-2]   | [ 74/119] gnupg2-0:2.4.7-2.fc42.aarch64 100% |   8.2 MiB/s |   2.7 MiB |  00m00s
[integration-test/integration-test-fedora-2]   | [ 75/119] libgcrypt-0:1.11.0-5.fc42.aar 100% |   2.8 MiB/s | 501.4 KiB |  00m00s
[e2e-test/e2e-test                         ]   | [ 14/119] perl-Error-1:0.17030-1.fc42.n 100% | 517.6 KiB/s |  40.4 KiB |  00m00s
[integration-test/integration-test-fedora-2]   | [ 76/119] npth-0:1.8-2.fc42.aarch64     100% | 249.6 KiB/s |  25.2 KiB |  00m00s
[integration-test/integration-test-fedora-2]   | [ 77/119] tpm2-tss-0:4.1.3-6.fc42.aarch 100% |   4.9 MiB/s | 398.8 KiB |  00m00s
[e2e-test/e2e-test                         ]   | [ 15/119] git-core-doc-0:2.51.1-1.fc42. 100% |   5.5 MiB/s |   3.0 MiB |  00m01s
[e2e-test/e2e-test                         ]   | [ 16/119] perl-TermReadKey-0:2.38-24.fc 100% | 230.4 KiB/s |  35.5 KiB |  00m00s
[integration-test/integration-test-fedora-2]   | [ 78/119] openscap-scanner-1:1.4.2-2.fc 100% | 461.2 KiB/s |  49.3 KiB |  00m00s
[e2e-test/e2e-test                         ]   | [ 17/119] perl-Exporter-0:5.78-512.fc42 100% | 373.4 KiB/s |  31.0 KiB |  00m00s
[e2e-test/e2e-test                         ]   | [ 18/119] perl-constant-0:1.33-513.fc42 100% | 306.4 KiB/s |  23.0 KiB |  00m00s
[e2e-test/e2e-test                         ]   | [ 19/119] perl-Pod-Usage-4:2.05-1.fc42. 100% | 519.3 KiB/s |  40.5 KiB |  00m00s
[e2e-test/e2e-test                         ]   | [ 20/119] perl-Text-ParseWords-0:3.31-5 100% | 216.8 KiB/s |  16.5 KiB |  00m00s
[integration-test/integration-test-fedora-2]   | [ 79/119] dbus-1:1.16.0-3.fc42.aarch64  100% |  92.0 KiB/s |   7.7 KiB |  00m00s
[e2e-test/e2e-test                         ]   | [ 21/119] perl-Carp-0:1.54-512.fc42.noa 100% | 379.8 KiB/s |  28.9 KiB |  00m00s
[e2e-test/e2e-test                         ]   | [ 22/119] perl-Pod-Perldoc-0:3.28.01-51 100% | 912.9 KiB/s |  85.8 KiB |  00m00s
[integration-test/integration-test-fedora-2]   | [ 80/119] apt-libs-0:2.9.8-1.fc42.aarch 100% |   5.5 MiB/s |   1.1 MiB |  00m00s
[integration-test/integration-test-fedora-2]   | [ 81/119] openscap-1:1.4.2-2.fc42.aarch 100% |   7.0 MiB/s |   1.9 MiB |  00m00s
[e2e-test/e2e-test                         ]   | [ 23/119] perl-podlators-1:6.0.2-3.fc42 100% |   1.1 MiB/s | 128.6 KiB |  00m00s
[integration-test/integration-test-fedora-2]   | [ 82/119] dbus-libs-1:1.16.0-3.fc42.aar 100% |   1.2 MiB/s | 145.8 KiB |  00m00s
[integration-test/integration-test-fedora-2]   | [ 83/119] libxslt-0:1.1.43-1.fc42.aarch 100% |   2.5 MiB/s | 182.3 KiB |  00m00s
[integration-test/integration-test-fedora-2]   | [ 84/119] opendbx-0:1.4.6-39.fc42.aarch 100% | 661.2 KiB/s |  51.6 KiB |  00m00s
[e2e-test/e2e-test                         ]   | [ 24/119] perl-File-Temp-1:0.231.100-51 100% | 730.4 KiB/s |  59.2 KiB |  00m00s
[integration-test/integration-test-fedora-2]   | [ 85/119] xmlsec1-openssl-1:1.2.41-2.fc 100% |   1.1 MiB/s |  83.8 KiB |  00m00s
[e2e-test/e2e-test                         ]   | [ 25/119] perl-HTTP-Tiny-0:0.090-2.fc42 100% | 614.4 KiB/s |  56.5 KiB |  00m00s
[integration-test/integration-test-fedora-2]   | [ 86/119] xmlsec1-1:1.2.41-2.fc42.aarch 100% |   1.0 MiB/s | 174.1 KiB |  00m00s
[integration-test/integration-test-fedora-2]   | [ 87/119] xxhash-libs-0:0.8.3-2.fc42.aa 100% | 351.7 KiB/s |  34.8 KiB |  00m00s
[integration-test/integration-test-fedora-2]   | [ 88/119] perl-mro-0:1.29-519.fc42.aarc 100% | 308.5 KiB/s |  29.3 KiB |  00m00s
[integration-test/integration-test-fedora-2]   | [ 89/119] perl-overloading-0:0.02-519.f 100% | 155.3 KiB/s |  12.7 KiB |  00m00s
[integration-test/integration-test-fedora-2]   | [ 90/119] perl-locale-0:1.12-519.fc42.n 100% | 170.3 KiB/s |  13.5 KiB |  00m00s
[integration-test/integration-test-fedora-2]   | [ 91/119] perl-File-stat-0:1.14-519.fc4 100% | 196.3 KiB/s |  16.9 KiB |  00m00s
[e2e-test/e2e-test                         ]   | [ 26/119] perl-Pod-Simple-1:3.45-512.fc 100% |   1.7 MiB/s | 219.0 KiB |  00m00s
[integration-test/integration-test-fedora-2]   | [ 92/119] perl-SelectSaver-0:1.02-519.f 100% | 129.8 KiB/s |  11.6 KiB |  00m00s
[integration-test/integration-test-fedora-2]   | [ 93/119] perl-Class-Struct-0:0.68-519. 100% | 240.7 KiB/s |  21.9 KiB |  00m00s
[e2e-test/e2e-test                         ]   | [ 27/119] perl-parent-1:0.244-2.fc42.no 100% | 188.0 KiB/s |  15.2 KiB |  00m00s
[integration-test/integration-test-fedora-2]   | [ 94/119] hiredis-0:1.2.0-6.fc42.aarch6 100% | 885.6 KiB/s |  48.7 KiB |  00m00s
[OSV-Scanner/OSV-Scanner PR Scanning/osv-scan]   ☁  git clone 'https://github.com/github/codeql-action' # ref=f443b600d91635bebf5b0d9ebc620189c0d6fba5
[e2e-test/e2e-test                         ]   | [ 28/119] perl-Term-ANSIColor-0:5.01-51 100% | 635.9 KiB/s |  47.7 KiB |  00m00s
[integration-test/integration-test-fedora-2]   | [ 95/119] unbound-libs-0:1.24.1-1.fc42. 100% |   3.5 MiB/s | 536.8 KiB |  00m00s
[integration-test/integration-test-fedora-2]   | [ 96/119] expat-0:2.7.2-1.fc42.aarch64  100% |   1.2 MiB/s | 115.2 KiB |  00m00s
[e2e-test/e2e-test                         ]   | [ 29/119] perl-Term-Cap-0:1.18-512.fc42 100% | 316.5 KiB/s |  22.2 KiB |  00m00s
[integration-test/integration-test-fedora-2]   | [ 97/119] procps-ng-0:4.0.4-6.fc42.1.aa 100% |   1.4 MiB/s | 363.4 KiB |  00m00s
[integration-test/integration-test-fedora-2]   | [ 98/119] less-0:679-1.fc42.aarch64     100% |   1.6 MiB/s | 194.6 KiB |  00m00s
[e2e-test/e2e-test                         ]   | [ 30/119] perl-MIME-Base64-0:3.16-512.f 100% | 192.6 KiB/s |  30.1 KiB |  00m00s
[integration-test/integration-test-fedora-2]   | [ 99/119] openssh-0:9.9p1-11.fc42.aarch 100% |   2.2 MiB/s | 348.2 KiB |  00m00s
[integration-test/integration-test-fedora-2]   | [100/119] openssh-clients-0:9.9p1-11.fc 100% |   3.9 MiB/s | 755.0 KiB |  00m00s
[integration-test/integration-test-fedora-2]   | [101/119] libfido2-0:1.15.0-3.fc42.aarc 100% | 728.2 KiB/s |  96.1 KiB |  00m00s
[integration-test/integration-test-fedora-2]   | [102/119] libcbor-0:0.11.0-3.fc42.aarch 100% | 498.0 KiB/s |  32.4 KiB |  00m00s
[integration-test/integration-test-fedora-2]   | [103/119] perl-lib-0:0.65-519.fc42.aarc 100% |  27.1 KiB/s |  14.7 KiB |  00m01s
[e2e-test/e2e-test                         ]   | [ 31/119] perl-Storable-1:3.32-512.fc42 100% | 144.5 KiB/s |  96.1 KiB |  00m01s
[integration-test/integration-test-fedora-2]   | [104/119] libfdisk-0:2.40.4-7.fc42.aarc 100% | 216.9 KiB/s | 151.4 KiB |  00m01s
[e2e-test/e2e-test                         ]   | [ 32/119] perl-Encode-4:3.21-512.fc42.a 100% | 673.7 KiB/s |   1.0 MiB |  00m02s
[integration-test/integration-test-fedora-2]   | [105/119] libusb1-0:1.0.29-4.fc42.aarch 100% | 295.8 KiB/s |  77.5 KiB |  00m00s
[integration-test/integration-test-fedora-2]   | [106/119] protobuf-c-0:1.5.1-1.fc42.aar 100% | 244.6 KiB/s |  31.6 KiB |  00m00s
[e2e-test/e2e-test                         ]   | [ 33/119] groff-base-0:1.23.0-8.fc42.aa 100% | 647.3 KiB/s |   1.1 MiB |  00m02s
[e2e-test/e2e-test                         ]   | [ 34/119] perl-File-Path-0:2.18-512.fc4 100% | 146.6 KiB/s |  35.2 KiB |  00m00s
[integration-test/integration-test-fedora-2]   | [107/119] util-linux-0:2.40.4-7.fc42.aa 100% |   1.2 MiB/s |   1.1 MiB |  00m01s
[e2e-test/e2e-test                         ]   | [ 35/119] perl-IO-Socket-SSL-0:2.089-2. 100% |   1.5 MiB/s | 230.2 KiB |  00m00s
[integration-test/integration-test-fedora-2]   | [108/119] libb2-0:0.98.1-13.fc42.aarch6 100% | 270.4 KiB/s |  26.0 KiB |  00m00s
[e2e-test/e2e-test                         ]   | [ 36/119] perl-Time-Local-2:1.350-512.f 100% | 465.7 KiB/s |  34.5 KiB |  00m00s
[integration-test/integration-test-fedora-2]   | [109/119] mpdecimal-0:4.0.1-1.fc42.aarc 100% | 447.4 KiB/s |  95.8 KiB |  00m00s
[e2e-test/e2e-test                         ]   | [ 37/119] perl-Pod-Escapes-1:1.07-512.f 100% | 141.6 KiB/s |  19.8 KiB |  00m00s
[e2e-test/e2e-test                         ]   | [ 38/119] perl-Net-SSLeay-0:1.94-8.fc42 100% |   1.3 MiB/s | 378.4 KiB |  00m00s
[e2e-test/e2e-test                         ]   | [ 39/119] perl-Socket-4:2.038-512.fc42. 100% | 182.0 KiB/s |  55.1 KiB |  00m00s
[integration-test/integration-test-fedora-1]   | Package                     Arch    Version                 Repository      Size
[integration-test/integration-test-fedora-1]   | Installing:
[integration-test/integration-test-fedora-1]   |  gh                         aarch64 2.79.0-1.fc42           updates     51.9 MiB
[integration-test/integration-test-fedora-1]   |  git                        aarch64 2.51.1-1.fc42           updates     56.4 KiB
[integration-test/integration-test-fedora-1]   |  jq                         aarch64 1.7.1-11.fc42           fedora     466.4 KiB
[integration-test/integration-test-fedora-1]   |  make                       aarch64 1:4.4.1-10.fc42         fedora       1.8 MiB
[integration-test/integration-test-fedora-1]   |  scap-security-guide        noarch  0.1.78-1.fc42           updates    636.2 MiB
[integration-test/integration-test-fedora-1]   |  wget2-wget                 aarch64 2.2.0-5.fc42            updates     42.0   B
[integration-test/integration-test-fedora-1]   | Installing dependencies:
[integration-test/integration-test-fedora-1]   |  apt-libs                   aarch64 2.9.8-1.fc42            fedora       3.6 MiB
[integration-test/integration-test-fedora-1]   |  dbus                       aarch64 1:1.16.0-3.fc42         fedora       0.0   B
[integration-test/integration-test-fedora-1]   |  dbus-libs                  aarch64 1:1.16.0-3.fc42         fedora     397.5 KiB
[integration-test/integration-test-fedora-1]   |  expat                      aarch64 2.7.2-1.fc42            updates    358.5 KiB
[integration-test/integration-test-fedora-1]   |  git-core                   aarch64 2.51.1-1.fc42           updates     23.4 MiB
[integration-test/integration-test-fedora-1]   |  git-core-doc               noarch  2.51.1-1.fc42           updates     17.7 MiB
[integration-test/integration-test-fedora-1]   |  gnupg2                     aarch64 2.4.7-2.fc42            fedora      10.4 MiB
[integration-test/integration-test-fedora-1]   |  gnutls-dane                aarch64 3.8.10-1.fc42           updates     68.9 KiB
[integration-test/integration-test-fedora-1]   |  gpgme                      aarch64 1.24.3-1.fc42           updates    691.3 KiB
[integration-test/integration-test-fedora-1]   |  groff-base                 aarch64 1.23.0-8.fc42           fedora       4.2 MiB
[integration-test/integration-test-fedora-1]   |  hiredis                    aarch64 1.2.0-6.fc42            fedora     201.8 KiB
[integration-test/integration-test-fedora-1]   |  less                       aarch64 679-1.fc42              updates    553.9 KiB
[integration-test/integration-test-fedora-1]   |  libassuan                  aarch64 2.5.7-3.fc42            fedora     215.8 KiB
[integration-test/integration-test-fedora-1]   |  libb2                      aarch64 0.98.1-13.fc42          fedora      74.1 KiB
[integration-test/integration-test-fedora-1]   |  libcbor                    aarch64 0.11.0-3.fc42           fedora     137.9 KiB
[integration-test/integration-test-fedora-1]   |  libedit                    aarch64 3.1-56.20251016cvs.fc42 updates    280.2 KiB
[integration-test/integration-test-fedora-1]   |  libfdisk                   aarch64 2.40.4-7.fc42           fedora     418.8 KiB
[integration-test/integration-test-fedora-1]   |  libfido2                   aarch64 1.15.0-3.fc42           fedora     278.3 KiB
[integration-test/integration-test-fedora-1]   |  libgcrypt                  aarch64 1.11.0-5.fc42           fedora       1.1 MiB
[integration-test/integration-test-fedora-1]   |  libgpg-error               aarch64 1.51-2.fc42             fedora     954.0 KiB
[integration-test/integration-test-fedora-1]   |  libksba                    aarch64 1.6.7-3.fc42            fedora     398.4 KiB
[integration-test/integration-test-fedora-1]   |  libsecret                  aarch64 0.21.7-4.fc42           updates    625.3 KiB
[integration-test/integration-test-fedora-1]   |  libusb1                    aarch64 1.0.29-4.fc42           updates    178.9 KiB
[integration-test/integration-test-fedora-1]   |  libxslt                    aarch64 1.1.43-1.fc42           fedora     548.2 KiB
[integration-test/integration-test-fedora-1]   |  mpdecimal                  aarch64 4.0.1-1.fc42            updates    281.2 KiB
[integration-test/integration-test-fedora-1]   |  ncurses                    aarch64 6.5-5.20250125.fc42     fedora     891.9 KiB
[integration-test/integration-test-fedora-1]   |  npth                       aarch64 1.8-2.fc42              fedora      93.5 KiB
[integration-test/integration-test-fedora-1]   |  oniguruma                  aarch64 6.9.10-2.fc42           fedora     830.8 KiB
[integration-test/integration-test-fedora-1]   |  opendbx                    aarch64 1.4.6-39.fc42           fedora     193.6 KiB
[integration-test/integration-test-fedora-1]   |  openscap                   aarch64 1:1.4.2-2.fc42          updates     65.4 MiB
[integration-test/integration-test-fedora-1]   |  openscap-scanner           aarch64 1:1.4.2-2.fc42          updates    148.2 KiB
[integration-test/integration-test-fedora-1]   |  openssh                    aarch64 9.9p1-11.fc42           updates      1.4 MiB
[integration-test/integration-test-fedora-1]   |  openssh-clients            aarch64 9.9p1-11.fc42           updates      2.8 MiB
[integration-test/integration-test-fedora-1]   |  perl-AutoLoader            noarch  5.74-519.fc42           updates     20.5 KiB
[integration-test/integration-test-fedora-1]   |  perl-B                     aarch64 1.89-519.fc42           updates    542.0 KiB
[integration-test/integration-test-fedora-1]   |  perl-Carp                  noarch  1.54-512.fc42           fedora      46.6 KiB
[integration-test/integration-test-fedora-1]   |  perl-Class-Struct          noarch  0.68-519.fc42           updates     25.4 KiB
[integration-test/integration-test-fedora-1]   |  perl-Data-Dumper           aarch64 2.189-513.fc42          fedora     135.6 KiB
[integration-test/integration-test-fedora-1]   |  perl-Digest                noarch  1.20-512.fc42           fedora      35.3 KiB
[integration-test/integration-test-fedora-1]   |  perl-Digest-MD5            aarch64 2.59-6.fc42             fedora     103.7 KiB
[integration-test/integration-test-fedora-1]   |  perl-DynaLoader            aarch64 1.56-519.fc42           updates     32.1 KiB
[integration-test/integration-test-fedora-1]   |  perl-Encode                aarch64 4:3.21-512.fc42         fedora       4.8 MiB
[integration-test/integration-test-fedora-1]   |  perl-Errno                 aarch64 1.38-519.fc42           updates      8.3 KiB
[integration-test/integration-test-fedora-1]   |  perl-Error                 noarch  1:0.17030-1.fc42        fedora      76.7 KiB
[integration-test/integration-test-fedora-1]   |  perl-Exporter              noarch  5.78-512.fc42           fedora      54.3 KiB
[integration-test/integration-test-fedora-1]   |  perl-Fcntl                 aarch64 1.18-519.fc42           updates     92.9 KiB
[integration-test/integration-test-fedora-1]   |  perl-File-Basename         noarch  2.86-519.fc42           updates     14.0 KiB
[integration-test/integration-test-fedora-1]   |  perl-File-Path             noarch  2.18-512.fc42           fedora      63.5 KiB
[integration-test/integration-test-fedora-1]   |  perl-File-Temp             noarch  1:0.231.100-512.fc42    fedora     162.3 KiB
[integration-test/integration-test-fedora-1]   |  perl-File-stat             noarch  1.14-519.fc42           updates     12.5 KiB
[integration-test/integration-test-fedora-1]   |  perl-FileHandle            noarch  2.05-519.fc42           updates      9.3 KiB
[integration-test/integration-test-fedora-1]   |  perl-Getopt-Long           noarch  1:2.58-3.fc42           fedora     144.5 KiB
[integration-test/integration-test-fedora-1]   |  perl-Getopt-Std            noarch  1.14-519.fc42           updates     11.2 KiB
[integration-test/integration-test-fedora-1]   |  perl-Git                   noarch  2.51.1-1.fc42           updates     64.4 KiB
[integration-test/integration-test-fedora-1]   |  perl-HTTP-Tiny             noarch  0.090-2.fc42            fedora     154.4 KiB
[integration-test/integration-test-fedora-1]   |  perl-IO                    aarch64 1.55-519.fc42           updates    191.0 KiB
[integration-test/integration-test-fedora-1]   |  perl-IO-Socket-IP          noarch  0.43-2.fc42             fedora     100.3 KiB
[integration-test/integration-test-fedora-1]   |  perl-IO-Socket-SSL         noarch  2.089-2.fc42            fedora     703.3 KiB
[integration-test/integration-test-fedora-1]   |  perl-IPC-Open3             noarch  1.22-519.fc42           updates     22.5 KiB
[integration-test/integration-test-fedora-1]   |  perl-MIME-Base32           noarch  1.303-23.fc42           fedora      30.7 KiB
[integration-test/integration-test-fedora-1]   |  perl-MIME-Base64           aarch64 3.16-512.fc42           fedora      94.1 KiB
[integration-test/integration-test-fedora-1]   |  perl-Net-SSLeay            aarch64 1.94-8.fc42             fedora       1.4 MiB
[integration-test/integration-test-fedora-1]   |  perl-POSIX                 aarch64 2.20-519.fc42           updates    263.1 KiB
[integration-test/integration-test-fedora-1]   |  perl-PathTools             aarch64 3.91-513.fc42           fedora     224.0 KiB
[integration-test/integration-test-fedora-1]   |  perl-Pod-Escapes           noarch  1:1.07-512.fc42         fedora      24.9 KiB
[integration-test/integration-test-fedora-1]   |  perl-Pod-Perldoc           noarch  3.28.01-513.fc42        fedora     163.7 KiB
[integration-test/integration-test-fedora-1]   |  perl-Pod-Simple            noarch  1:3.45-512.fc42         fedora     560.8 KiB
[integration-test/integration-test-fedora-1]   |  perl-Pod-Usage             noarch  4:2.05-1.fc42           fedora      86.3 KiB
[integration-test/integration-test-fedora-1]   |  perl-Scalar-List-Utils     aarch64 5:1.70-1.fc42           updates    152.9 KiB
[integration-test/integration-test-fedora-1]   |  perl-SelectSaver           noarch  1.02-519.fc42           updates      2.2 KiB
[integration-test/integration-test-fedora-1]   |  perl-Socket                aarch64 4:2.038-512.fc42        fedora     144.0 KiB
[integration-test/integration-test-fedora-1]   |  perl-Storable              aarch64 1:3.32-512.fc42         fedora     244.3 KiB
[integration-test/integration-test-fedora-1]   |  perl-Symbol                noarch  1.09-519.fc42           updates      6.8 KiB
[integration-test/integration-test-fedora-1]   |  perl-Term-ANSIColor        noarch  5.01-513.fc42           fedora      97.5 KiB
[integration-test/integration-test-fedora-1]   |  perl-Term-Cap              noarch  1.18-512.fc42           fedora      29.3 KiB
[integration-test/integration-test-fedora-1]   |  perl-TermReadKey           aarch64 2.38-24.fc42            fedora     108.0 KiB
[integration-test/integration-test-fedora-1]   |  perl-Text-ParseWords       noarch  3.31-512.fc42           fedora      13.6 KiB
[integration-test/integration-test-fedora-1]   |  perl-Text-Tabs+Wrap        noarch  2024.001-512.fc42       fedora      22.6 KiB
[integration-test/integration-test-fedora-1]   |  perl-Time-Local            noarch  2:1.350-512.fc42        fedora      68.9 KiB
[integration-test/integration-test-fedora-1]   |  perl-URI                   noarch  5.31-2.fc42             fedora     257.0 KiB
[integration-test/integration-test-fedora-1]   |  perl-base                  noarch  2.27-519.fc42           updates     12.5 KiB
[integration-test/integration-test-fedora-1]   |  perl-constant              noarch  1.33-513.fc42           fedora      26.2 KiB
[integration-test/integration-test-fedora-1]   |  perl-if                    noarch  0.61.000-519.fc42       updates      5.8 KiB
[integration-test/integration-test-fedora-1]   |  perl-interpreter           aarch64 4:5.40.3-519.fc42       updates    174.3 KiB
[integration-test/integration-test-fedora-1]   |  perl-lib                   aarch64 0.65-519.fc42           updates      8.5 KiB
[integration-test/integration-test-fedora-1]   |  perl-libnet                noarch  3.15-513.fc42           fedora     289.4 KiB
[integration-test/integration-test-fedora-1]   |  perl-libs                  aarch64 4:5.40.3-519.fc42       updates      9.9 MiB
[integration-test/integration-test-fedora-1]   |  perl-locale                noarch  1.12-519.fc42           updates      6.5 KiB
[integration-test/integration-test-fedora-1]   |  perl-mro                   aarch64 1.29-519.fc42           updates     81.6 KiB
[integration-test/integration-test-fedora-1]   |  perl-overload              noarch  1.37-519.fc42           updates     71.5 KiB
[integration-test/integration-test-fedora-1]   |  perl-overloading           noarch  0.02-519.fc42           updates      4.8 KiB
[integration-test/integration-test-fedora-1]   |  perl-parent                noarch  1:0.244-2.fc42          fedora      10.3 KiB
[integration-test/integration-test-fedora-1]   |  perl-podlators             noarch  1:6.0.2-3.fc42          fedora     317.5 KiB
[integration-test/integration-test-fedora-1]   |  perl-vars                  noarch  1.05-519.fc42           updates      3.9 KiB
[integration-test/integration-test-fedora-1]   |  procps-ng                  aarch64 4.0.4-6.fc42.1          updates      1.7 MiB
[integration-test/integration-test-fedora-1]   |  protobuf-c                 aarch64 1.5.1-1.fc42            updates     77.7 KiB
[integration-test/integration-test-fedora-1]   |  python-pip-wheel           noarch  24.3.1-5.fc42           updates      1.2 MiB
[integration-test/integration-test-fedora-1]   |  python3-libs               aarch64 3.13.9-1.fc42           updates     42.2 MiB
[integration-test/integration-test-fedora-1]   |  tpm2-tss                   aarch64 4.1.3-6.fc42            fedora       2.1 MiB
[integration-test/integration-test-fedora-1]   |  unbound-libs               aarch64 1.24.1-1.fc42           updates      1.4 MiB
[integration-test/integration-test-fedora-1]   |  util-linux                 aarch64 2.40.4-7.fc42           fedora       6.6 MiB
[integration-test/integration-test-fedora-1]   |  wget2                      aarch64 2.2.0-5.fc42            updates      1.1 MiB
[integration-test/integration-test-fedora-1]   |  wget2-libs                 aarch64 2.2.0-5.fc42            updates    369.5 KiB
[integration-test/integration-test-fedora-1]   |  xml-common                 noarch  0.6.3-66.fc42           fedora      78.4 KiB
[integration-test/integration-test-fedora-1]   |  xmlsec1                    aarch64 1:1.2.41-2.fc42         fedora     598.5 KiB
[integration-test/integration-test-fedora-1]   |  xmlsec1-openssl            aarch64 1:1.2.41-2.fc42         fedora     325.1 KiB
[integration-test/integration-test-fedora-1]   |  xxhash-libs                aarch64 0.8.3-2.fc42            fedora      85.9 KiB
[integration-test/integration-test-fedora-1]   | Installing weak dependencies:
[integration-test/integration-test-fedora-1]   |  gnupg2-smime               aarch64 2.4.7-2.fc42            fedora     610.0 KiB
[integration-test/integration-test-fedora-1]   |  perl-NDBM_File             aarch64 1.17-519.fc42           updates     72.5 KiB
[integration-test/integration-test-fedora-1]   |  pinentry                   aarch64 1.3.1-3.fc42            fedora     249.9 KiB
[integration-test/integration-test-fedora-1]   |  python-unversioned-command noarch  3.13.9-1.fc42           updates     23.0   B
[integration-test/integration-test-fedora-1]   |  python3                    aarch64 3.13.9-1.fc42           updates     84.7 KiB
[integration-test/integration-test-fedora-1]   |  unbound-anchor             aarch64 1.24.1-1.fc42           updates     73.6 KiB
[integration-test/integration-test-fedora-1]   |
[integration-test/integration-test-fedora-1]   | Transaction Summary:
[integration-test/integration-test-fedora-1]   |  Installing:       119 packages
[integration-test/integration-test-fedora-1]   |
[integration-test/integration-test-fedora-1]   | Total size of inbound packages is 67 MiB. Need to download 67 MiB.
[integration-test/integration-test-fedora-1]   | After this operation, 910 MiB extra will be used (install 910 MiB, remove 0 B).
[e2e-test/e2e-test                         ]   | [ 40/119] perl-Text-Tabs+Wrap-0:2024.00 100% | 311.4 KiB/s |  21.8 KiB |  00m00s
[integration-test/integration-test-fedora-2]   | [110/119] libedit-0:3.1-56.20251016cvs. 100% |   1.1 MiB/s | 104.1 KiB |  00m00s
[e2e-test/e2e-test                         ]   | [ 41/119] perl-IO-Socket-IP-0:0.43-2.fc 100% | 605.2 KiB/s |  42.4 KiB |  00m00s
[Standardized CI/Reusable CI/Run linters]   ✅  Success - Main Checkout Code [5.305899209s]
[e2e-test/e2e-test                         ]   | [ 42/119] perl-URI-0:5.31-2.fc42.noarch 100% |   1.3 MiB/s | 140.7 KiB |  00m00s
[integration-test/integration-test-fedora-2]   | [111/119] perl-NDBM_File-0:1.17-519.fc4 100% | 249.3 KiB/s |  22.2 KiB |  00m00s
[e2e-test/e2e-test                         ]   | [ 43/119] perl-Data-Dumper-0:2.189-513. 100% | 663.0 KiB/s |  55.0 KiB |  00m00s
[integration-test/integration-test-fedora-2]   | [112/119] python-pip-wheel-0:24.3.1-5.f 100% |   3.1 MiB/s |   1.2 MiB |  00m00s
[e2e-test/e2e-test                         ]   | [ 44/119] perl-MIME-Base32-0:1.303-23.f 100% | 273.5 KiB/s |  20.5 KiB |  00m00s
[e2e-test/e2e-test                         ]   | [ 45/119] perl-libnet-0:3.15-513.fc42.n 100% |   1.7 MiB/s | 128.4 KiB |  00m00s
[integration-test/integration-test-fedora-2]   | [113/119] pinentry-0:1.3.1-3.fc42.aarch 100% | 728.6 KiB/s | 110.0 KiB |  00m00s
[e2e-test/e2e-test                         ]   | [ 46/119] ncurses-0:6.5-5.20250125.fc42 100% |   1.3 MiB/s | 422.0 KiB |  00m00s
[e2e-test/e2e-test                         ]   | [ 47/119] perl-Digest-0:1.20-512.fc42.n 100% | 341.6 KiB/s |  24.9 KiB |  00m00s
[General/Reusable Dependencies Reviewer/Dependencies Review]   ✅  Success - Complete job
[General/Reusable Dependencies Reviewer/Dependencies Review] 🏁  Job succeeded
[integration-test/integration-test-fedora-2]   | [114/119] unbound-anchor-0:1.24.1-1.fc4 100% | 480.1 KiB/s |  37.9 KiB |  00m00s
[e2e-test/e2e-test                         ]   | [ 48/119] perl-Digest-MD5-0:2.59-6.fc42 100% | 184.2 KiB/s |  35.9 KiB |  00m00s
[integration-test/integration-test-fedora-2]   | [115/119] gnupg2-smime-0:2.4.7-2.fc42.a 100% |   1.0 MiB/s | 252.3 KiB |  00m00s
[integration-test/integration-test-fedora-1]   | [  1/119] jq-0:1.7.1-11.fc42.aarch64    100% | 490.5 KiB/s | 194.7 KiB |  00m00s
[unit-test/unit-test                       ]   | Extracting Go...
[integration-test/integration-test-fedora-2]   | [116/119] python3-0:3.13.9-1.fc42.aarch 100% | 418.2 KiB/s |  30.9 KiB |  00m00s
[e2e-test/e2e-test                         ]   | [ 49/119] perl-File-Basename-0:2.86-519 100% | 112.5 KiB/s |  17.0 KiB |  00m00s
[unit-test/unit-test                       ]   | [command]/bin/tar xz --warning=no-unknown-keyword --overwrite -C /tmp/eebc5cea-9ccc-4840-8fef-ca31bdf6cc4d -f /tmp/6aabf385-4697-42d7-8f0d-19667054f699
[integration-test/integration-test-fedora-2]   | [117/119] python3-libs-0:3.13.9-1.fc42. 100% |  11.0 MiB/s |   9.1 MiB |  00m01s
[integration-test/integration-test-fedora-1]   | [  2/119] oniguruma-0:6.9.10-2.fc42.aar 100% | 456.4 KiB/s | 214.5 KiB |  00m00s
[integration-test/integration-test-fedora-2]   | [118/119] libsecret-0:0.21.7-4.fc42.aar 100% |   2.4 MiB/s | 193.0 KiB |  00m00s
[integration-test/integration-test-fedora-1]   | [  3/119] make-1:4.4.1-10.fc42.aarch64  100% |   1.2 MiB/s | 584.7 KiB |  00m00s
[integration-test/integration-test-fedora-2]   | [119/119] python-unversioned-command-0: 100% | 178.0 KiB/s |  13.0 KiB |  00m00s
[integration-test/integration-test-fedora-2]   | --------------------------------------------------------------------------------
[integration-test/integration-test-fedora-2]   | [119/119] Total                         100% |  10.1 MiB/s |  67.0 MiB |  00m07s
[integration-test/integration-test-fedora-2]   | Running transaction
[integration-test/integration-test-fedora-1]   | [  4/119] wget2-wget-0:2.2.0-5.fc42.aar 100% |  80.9 KiB/s |   9.7 KiB |  00m00s
[Standardized CI/Reusable CI/Run linters] ⭐ Run Main Install Dependencies
[Standardized CI/Reusable CI/Run linters]   🐳  docker exec cmd=[bash -e /var/run/act/workflow/1] user= workdir=
[integration-test/integration-test-fedora-1]   | [  5/119] wget2-libs-0:2.2.0-5.fc42.aar 100% | 349.0 KiB/s | 145.9 KiB |  00m00s
[integration-test/integration-test-fedora-1]   | [  6/119] xml-common-0:0.6.3-66.fc42.no 100% | 458.8 KiB/s |  31.2 KiB |  00m00s
[integration-test/integration-test-fedora-1]   | [  7/119] git-0:2.51.1-1.fc42.aarch64   100% | 364.1 KiB/s |  40.8 KiB |  00m00s
[integration-test/integration-test-fedora-1]   | [  8/119] wget2-0:2.2.0-5.fc42.aarch64  100% | 407.1 KiB/s | 277.3 KiB |  00m01s
[integration-test/integration-test-fedora-1]   | [  9/119] perl-Getopt-Long-1:2.58-3.fc4 100% | 950.9 KiB/s |  63.7 KiB |  00m00s
[integration-test/integration-test-fedora-1]   | [ 10/119] perl-TermReadKey-0:2.38-24.fc 100% | 545.9 KiB/s |  35.5 KiB |  00m00s
[e2e-test/e2e-test                         ]   | [ 50/119] gh-0:2.79.0-1.fc42.aarch64    100% |  12.8 MiB/s |  12.9 MiB |  00m01s
[e2e-test/e2e-test                         ]   | [ 51/119] perl-POSIX-0:2.20-519.fc42.aa 100% | 103.9 KiB/s |  97.3 KiB |  00m01s
[integration-test/integration-test-fedora-2]   | [  1/121] Verify package files          100% | 589.0   B/s | 119.0   B |  00m00s
[integration-test/integration-test-fedora-1]   | [ 11/119] perl-PathTools-0:3.91-513.fc4 100% | 391.3 KiB/s |  87.3 KiB |  00m00s
[e2e-test/e2e-test                         ]   | [ 52/119] perl-libs-4:5.40.3-519.fc42.a 100% |   2.3 MiB/s |   2.3 MiB |  00m01s
[e2e-test/e2e-test                         ]   | [ 53/119] perl-Errno-0:1.38-519.fc42.aa 100% | 129.3 KiB/s |  14.7 KiB |  00m00s
[integration-test/integration-test-fedora-2]   | [  2/121] Prepare transaction           100% |   1.7 KiB/s | 119.0   B |  00m00s
[integration-test/integration-test-fedora-2]   | [  3/121] Installing libgpg-error-0:1.5 100% |  36.1 MiB/s | 959.9 KiB |  00m00s
[integration-test/integration-test-fedora-2]   | [  4/121] Installing libassuan-0:2.5.7- 100% |  53.1 MiB/s | 217.7 KiB |  00m00s
[integration-test/integration-test-fedora-2]   | [  5/121] Installing libgcrypt-0:1.11.0 100% | 226.0 MiB/s |   1.1 MiB |  00m00s
[e2e-test/e2e-test                         ]   | [ 54/119] perl-interpreter-4:5.40.3-519 100% | 360.3 KiB/s |  72.1 KiB |  00m00s
[e2e-test/e2e-test                         ]   | [ 55/119] perl-Fcntl-0:1.18-519.fc42.aa 100% | 520.5 KiB/s |  29.7 KiB |  00m00s
[integration-test/integration-test-fedora-2]   | [  6/121] Installing expat-0:2.7.2-1.fc 100% |  18.5 MiB/s | 360.6 KiB |  00m00s
[e2e-test/e2e-test                         ]   | [ 56/119] perl-FileHandle-0:2.05-519.fc 100% | 215.9 KiB/s |  15.3 KiB |  00m00s
[integration-test/integration-test-fedora-2]   | [  7/121] Installing libxslt-0:1.1.43-1 100% |  25.6 MiB/s | 551.3 KiB |  00m00s
[integration-test/integration-test-fedora-2]   | [  8/121] Installing xmlsec1-1:1.2.41-2 100% |  26.7 MiB/s | 600.6 KiB |  00m00s
[integration-test/integration-test-fedora-2]   | [  9/121] Installing libksba-0:1.6.7-3. 100% |  97.9 MiB/s | 401.0 KiB |  00m00s
[integration-test/integration-test-fedora-2]   | [ 10/121] Installing npth-0:1.8-2.fc42. 100% |  46.2 MiB/s |  94.6 KiB |  00m00s
[integration-test/integration-test-fedora-2]   | [ 11/121] Installing xmlsec1-openssl-1: 100% | 106.1 MiB/s | 326.1 KiB |  00m00s
[e2e-test/e2e-test                         ]   | [ 57/119] perl-Symbol-0:1.09-519.fc42.n 100% | 230.1 KiB/s |  14.0 KiB |  00m00s
[integration-test/integration-test-fedora-2]   | [ 12/121] Installing libsecret-0:0.21.7 100% |  27.1 MiB/s | 637.7 KiB |  00m00s
[integration-test/integration-test-fedora-2]   | [ 13/121] Installing libedit-0:3.1-56.2 100% |  39.3 MiB/s | 281.8 KiB |  00m00s
[integration-test/integration-test-fedora-2]   | [ 14/121] Installing python-pip-wheel-0 100% | 311.1 MiB/s |   1.2 MiB |  00m00s
[e2e-test/e2e-test                         ]   | [ 58/119] perl-IO-0:1.55-519.fc42.aarch 100% | 770.8 KiB/s |  81.7 KiB |  00m00s
[integration-test/integration-test-fedora-2]   | [ 15/121] Installing mpdecimal-0:4.0.1- 100% |  92.0 MiB/s | 282.7 KiB |  00m00s
[e2e-test/e2e-test                         ]   | [ 59/119] perl-base-0:2.27-519.fc42.noa 100% | 250.7 KiB/s |  16.0 KiB |  00m00s
[e2e-test/e2e-test                         ]   | [ 60/119] perl-Scalar-List-Utils-5:1.70 100% | 649.7 KiB/s |  72.8 KiB |  00m00s
[e2e-test/e2e-test                         ]   | [ 61/119] perl-overload-0:1.37-519.fc42 100% | 965.4 KiB/s |  45.4 KiB |  00m00s
[integration-test/integration-test-fedora-2]   | [ 16/121] Installing libb2-0:0.98.1-13. 100% |   8.2 MiB/s |  75.2 KiB |  00m00s
[e2e-test/e2e-test                         ]   | [ 62/119] perl-DynaLoader-0:1.56-519.fc 100% | 423.7 KiB/s |  25.8 KiB |  00m00s
[e2e-test/e2e-test                         ]   | [ 63/119] perl-vars-0:1.05-519.fc42.noa 100% | 178.2 KiB/s |  12.8 KiB |  00m00s
[e2e-test/e2e-test                         ]   | [ 64/119] perl-if-0:0.61.000-519.fc42.n 100% | 197.6 KiB/s |  13.8 KiB |  00m00s
[e2e-test/e2e-test                         ]   | [ 65/119] perl-IPC-Open3-0:1.22-519.fc4 100% | 349.8 KiB/s |  21.7 KiB |  00m00s
[e2e-test/e2e-test                         ]   | [ 66/119] perl-AutoLoader-0:5.74-519.fc 100% | 300.9 KiB/s |  21.1 KiB |  00m00s
[e2e-test/e2e-test                         ]   | [ 67/119] perl-Getopt-Std-0:1.14-519.fc 100% | 250.3 KiB/s |  15.5 KiB |  00m00s
[e2e-test/e2e-test                         ]   | [ 68/119] gnutls-dane-0:3.8.10-1.fc42.a 100% | 799.2 KiB/s |  37.6 KiB |  00m00s
[e2e-test/e2e-test                         ]   | [ 69/119] perl-B-0:1.89-519.fc42.aarch6 100% |   1.6 MiB/s | 176.6 KiB |  00m00s
[integration-test/integration-test-fedora-2]   | [ 17/121] Installing python3-libs-0:3.1 100% | 165.5 MiB/s |  42.5 MiB |  00m00s
[e2e-test/e2e-test                         ]   | [ 70/119] gpgme-0:1.24.3-1.fc42.aarch64 100% |   2.3 MiB/s | 215.9 KiB |  00m00s
[integration-test/integration-test-fedora-2]   | [ 18/121] Installing python3-0:3.13.9-1 100% |   4.4 MiB/s |  86.4 KiB |  00m00s
[integration-test/integration-test-fedora-2]   | [ 19/121] Installing protobuf-c-0:1.5.1 100% |  38.7 MiB/s |  79.3 KiB |  00m00s
[integration-test/integration-test-fedora-2]   | [ 20/121] Installing libusb1-0:1.0.29-4 100% |   6.3 MiB/s | 180.5 KiB |  00m00s
[integration-test/integration-test-fedora-2]   | >>> Running sysusers scriptlet: tpm2-tss-0:4.1.3-6.fc42.aarch64
[integration-test/integration-test-fedora-2]   | >>> Finished sysusers scriptlet: tpm2-tss-0:4.1.3-6.fc42.aarch64
[integration-test/integration-test-fedora-2]   | >>> Scriptlet output:
[integration-test/integration-test-fedora-2]   | >>> Failed to connect to audit log, ignoring: Invalid argument
[integration-test/integration-test-fedora-2]   | >>> Creating group 'tss' with GID 59.
[integration-test/integration-test-fedora-2]   | >>> Creating user 'tss' (Account used for TPM access) with UID 59 and GID 59.
[integration-test/integration-test-fedora-2]   | >>>
[integration-test/integration-test-fedora-2]   | [ 21/121] Installing tpm2-tss-0:4.1.3-6 100% | 134.9 MiB/s |   2.2 MiB |  00m00s
[integration-test/integration-test-fedora-2]   | [ 22/121] Installing gnupg2-0:2.4.7-2.f 100% | 162.6 MiB/s |  10.4 MiB |  00m00s
[integration-test/integration-test-fedora-2]   | [ 23/121] Installing gpgme-0:1.24.3-1.f 100% |  29.5 MiB/s | 693.8 KiB |  00m00s
[e2e-test/e2e-test                         ]   | [ 71/119] libgpg-error-0:1.51-2.fc42.aa 100% |   1.2 MiB/s | 235.9 KiB |  00m00s
[integration-test/integration-test-fedora-2]   | [ 24/121] Installing libfdisk-0:2.40.4- 100% |  58.6 MiB/s | 419.8 KiB |  00m00s
[e2e-test/e2e-test                         ]   | [ 72/119] libassuan-0:2.5.7-3.fc42.aarc 100% | 281.5 KiB/s |  66.7 KiB |  00m00s
[integration-test/integration-test-fedora-2]   | [ 25/121] Installing util-linux-0:2.40. 100% |  83.9 MiB/s |   6.6 MiB |  00m00s
[integration-test/integration-test-fedora-2]   | [ 26/121] Installing openssh-0:9.9p1-11 100% |  57.6 MiB/s |   1.4 MiB |  00m00s
[integration-test/integration-test-fedora-2]   | [ 27/121] Installing libcbor-0:0.11.0-3 100% |  27.2 MiB/s | 139.3 KiB |  00m00s
[integration-test/integration-test-fedora-2]   | [ 28/121] Installing libfido2-0:1.15.0- 100% |  39.0 MiB/s | 279.8 KiB |  00m00s
[integration-test/integration-test-fedora-2]   | [ 29/121] Installing openssh-clients-0: 100% |  72.3 MiB/s |   2.8 MiB |  00m00s
[integration-test/integration-test-fedora-2]   | [ 30/121] Installing less-0:679-1.fc42. 100% |  21.8 MiB/s | 557.2 KiB |  00m00s
[e2e-test/e2e-test                         ]   | [ 73/119] libksba-0:1.6.7-3.fc42.aarch6 100% |   1.0 MiB/s | 159.0 KiB |  00m00s
[integration-test/integration-test-fedora-2]   | [ 31/121] Installing git-core-0:2.51.1- 100% | 292.6 MiB/s |  23.4 MiB |  00m00s
[integration-test/integration-test-fedora-2]   | [ 32/121] Installing git-core-doc-0:2.5 100% | 994.4 MiB/s |  17.9 MiB |  00m00s
[integration-test/integration-test-fedora-2]   | [ 33/121] Installing hiredis-0:1.2.0-6. 100% |  11.0 MiB/s | 203.5 KiB |  00m00s
[integration-test/integration-test-fedora-2]   | >>> Running sysusers scriptlet: unbound-libs-0:1.24.1-1.fc42.aarch64
[integration-test/integration-test-fedora-2]   | >>> Finished sysusers scriptlet: unbound-libs-0:1.24.1-1.fc42.aarch64
[integration-test/integration-test-fedora-2]   | >>> Scriptlet output:
[integration-test/integration-test-fedora-2]   | >>> Failed to connect to audit log, ignoring: Invalid argument
[integration-test/integration-test-fedora-2]   | >>> Creating group 'unbound' with GID 999.
[integration-test/integration-test-fedora-2]   | >>> Creating user 'unbound' (Unbound DNS resolver) with UID 999 and GID 999.
[integration-test/integration-test-fedora-2]   | >>>
[integration-test/integration-test-fedora-2]   | [ 34/121] Installing unbound-libs-0:1.2 100% | 145.1 MiB/s |   1.5 MiB |  00m00s
[integration-test/integration-test-fedora-2]   | [ 35/121] Installing gnutls-dane-0:3.8. 100% |  34.0 MiB/s |  69.7 KiB |  00m00s
[integration-test/integration-test-fedora-2]   | [ 36/121] Installing wget2-libs-0:2.2.0 100% |  72.4 MiB/s | 370.8 KiB |  00m00s
[e2e-test/e2e-test                         ]   | [ 74/119] npth-0:1.8-2.fc42.aarch64     100% | 274.1 KiB/s |  25.2 KiB |  00m00s
[integration-test/integration-test-fedora-2]   | [ 37/121] Installing wget2-0:2.2.0-5.fc 100% |  16.1 MiB/s |   1.1 MiB |  00m00s
[e2e-test/e2e-test                         ]   | [ 75/119] libgcrypt-0:1.11.0-5.fc42.aar 100% |   1.3 MiB/s | 501.4 KiB |  00m00s
[integration-test/integration-test-fedora-2]   | [ 38/121] Installing procps-ng-0:4.0.4- 100% |  41.2 MiB/s |   1.7 MiB |  00m00s
[integration-test/integration-test-fedora-2]   | [ 39/121] Installing xxhash-libs-0:0.8. 100% |  42.7 MiB/s |  87.4 KiB |  00m00s
[integration-test/integration-test-fedora-2]   | [ 40/121] Installing apt-libs-0:2.9.8-1 100% | 300.5 MiB/s |   3.6 MiB |  00m00s
[integration-test/integration-test-fedora-2]   | [ 41/121] Installing opendbx-0:1.4.6-39 100% |  48.0 MiB/s | 196.4 KiB |  00m00s
[integration-test/integration-test-fedora-2]   | [ 42/121] Installing dbus-libs-1:1.16.0 100% | 129.8 MiB/s | 398.6 KiB |  00m00s
[integration-test/integration-test-fedora-2]   | [ 43/121] Installing dbus-1:1.16.0-3.fc 100% |  60.5 KiB/s | 124.0   B |  00m00s
[unit-test/unit-test                       ]   | Successfully extracted go to /tmp/eebc5cea-9ccc-4840-8fef-ca31bdf6cc4d
[unit-test/unit-test                       ]   | Adding to the cache ...
[e2e-test/e2e-test                         ]   | [ 76/119] openscap-scanner-1:1.4.2-2.fc 100% | 226.4 KiB/s |  49.3 KiB |  00m00s
[integration-test/integration-test-fedora-2]   | [ 44/121] Installing openscap-1:1.4.2-2 100% | 220.6 MiB/s |  65.5 MiB |  00m00s
[integration-test/integration-test-fedora-2]   | [ 45/121] Installing openscap-scanner-1 100% |   7.3 MiB/s | 149.5 KiB |  00m00s
[integration-test/integration-test-fedora-2]   | [ 46/121] Installing ncurses-0:6.5-5.20 100% |  24.4 MiB/s | 898.4 KiB |  00m00s
[e2e-test/e2e-test                         ]   | [ 77/119] openscap-1:1.4.2-2.fc42.aarch 100% |   4.3 MiB/s |   1.9 MiB |  00m00s
[e2e-test/e2e-test                         ]   | [ 78/119] gnupg2-0:2.4.7-2.fc42.aarch64 100% |   2.1 MiB/s |   2.7 MiB |  00m01s
[e2e-test/e2e-test                         ]   | [ 79/119] tpm2-tss-0:4.1.3-6.fc42.aarch 100% | 506.7 KiB/s | 398.8 KiB |  00m01s
[integration-test/integration-test-fedora-2]   | [ 47/121] Installing groff-base-0:1.23. 100% |  12.0 MiB/s |   4.2 MiB |  00m00s
[integration-test/integration-test-fedora-2]   | [ 48/121] Installing perl-Digest-0:1.20 100% |   1.1 MiB/s |  37.1 KiB |  00m00s
[e2e-test/e2e-test                         ]   | [ 80/119] dbus-1:1.16.0-3.fc42.aarch64  100% | 100.4 KiB/s |   7.7 KiB |  00m00s
[integration-test/integration-test-fedora-2]   | [ 49/121] Installing perl-Digest-MD5-0: 100% |  51.6 MiB/s | 105.6 KiB |  00m00s
[integration-test/integration-test-fedora-2]   | [ 50/121] Installing perl-B-0:1.89-519. 100% | 133.1 MiB/s | 545.3 KiB |  00m00s
[integration-test/integration-test-fedora-2]   | [ 51/121] Installing perl-FileHandle-0: 100% |   4.8 MiB/s |   9.8 KiB |  00m00s
[integration-test/integration-test-fedora-2]   | [ 52/121] Installing perl-MIME-Base32-0 100% |  15.7 MiB/s |  32.2 KiB |  00m00s
[integration-test/integration-test-fedora-2]   | [ 53/121] Installing perl-Data-Dumper-0 100% |  33.6 MiB/s | 137.5 KiB |  00m00s
[integration-test/integration-test-fedora-2]   | [ 54/121] Installing perl-libnet-0:3.15 100% |  71.9 MiB/s | 294.7 KiB |  00m00s
[integration-test/integration-test-fedora-2]   | [ 55/121] Installing perl-AutoLoader-0: 100% |  10.2 MiB/s |  20.9 KiB |  00m00s
[integration-test/integration-test-fedora-2]   | [ 56/121] Installing perl-IO-Socket-IP- 100% |  49.9 MiB/s | 102.2 KiB |  00m00s
[integration-test/integration-test-fedora-2]   | [ 57/121] Installing perl-URI-0:5.31-2. 100% |  37.6 MiB/s | 269.6 KiB |  00m00s
[integration-test/integration-test-fedora-2]   | [ 58/121] Installing perl-Time-Local-2: 100% |  68.9 MiB/s |  70.6 KiB |  00m00s
[integration-test/integration-test-fedora-2]   | [ 59/121] Installing perl-Text-Tabs+Wra 100% |  23.3 MiB/s |  23.9 KiB |  00m00s
[integration-test/integration-test-fedora-2]   | [ 60/121] Installing perl-File-Path-0:2 100% |  31.5 MiB/s |  64.5 KiB |  00m00s
[integration-test/integration-test-fedora-2]   | [ 61/121] Installing perl-Pod-Escapes-1 100% |  25.3 MiB/s |  25.9 KiB |  00m00s
[integration-test/integration-test-fedora-2]   | [ 62/121] Installing perl-if-0:0.61.000 100% |   6.1 MiB/s |   6.2 KiB |  00m00s
[integration-test/integration-test-fedora-2]   | [ 63/121] Installing perl-Net-SSLeay-0: 100% | 143.3 MiB/s |   1.4 MiB |  00m00s
[integration-test/integration-test-fedora-2]   | [ 64/121] Installing perl-locale-0:1.12 100% |   6.7 MiB/s |   6.9 KiB |  00m00s
[integration-test/integration-test-fedora-2]   | [ 65/121] Installing perl-IO-Socket-SSL 100% | 172.7 MiB/s | 707.4 KiB |  00m00s
[integration-test/integration-test-fedora-2]   | [ 66/121] Installing perl-Term-ANSIColo 100% |  96.9 MiB/s |  99.2 KiB |  00m00s
[integration-test/integration-test-fedora-2]   | [ 67/121] Installing perl-Term-Cap-0:1. 100% |  14.9 MiB/s |  30.6 KiB |  00m00s
[integration-test/integration-test-fedora-2]   | [ 68/121] Installing perl-POSIX-0:2.20- 100% |  64.5 MiB/s | 264.4 KiB |  00m00s
[integration-test/integration-test-fedora-2]   | [ 69/121] Installing perl-File-Temp-1:0 100% |  80.1 MiB/s | 164.1 KiB |  00m00s
[integration-test/integration-test-fedora-2]   | [ 70/121] Installing perl-HTTP-Tiny-0:0 100% |  76.4 MiB/s | 156.4 KiB |  00m00s
[integration-test/integration-test-fedora-2]   | [ 71/121] Installing perl-IPC-Open3-0:1 100% |  11.4 MiB/s |  23.3 KiB |  00m00s
[integration-test/integration-test-fedora-2]   | [ 72/121] Installing perl-Class-Struct- 100% |  25.3 MiB/s |  25.9 KiB |  00m00s
[integration-test/integration-test-fedora-2]   | [ 73/121] Installing perl-Pod-Simple-1: 100% | 111.4 MiB/s | 570.4 KiB |  00m00s
[integration-test/integration-test-fedora-2]   | [ 74/121] Installing perl-Socket-4:2.03 100% |  47.5 MiB/s | 146.0 KiB |  00m00s
[integration-test/integration-test-fedora-2]   | [ 75/121] Installing perl-Symbol-0:1.09 100% |   7.0 MiB/s |   7.2 KiB |  00m00s
[integration-test/integration-test-fedora-2]   | [ 76/121] Installing perl-SelectSaver-0 100% |   2.5 MiB/s |   2.6 KiB |  00m00s
[integration-test/integration-test-fedora-2]   | [ 77/121] Installing perl-File-stat-0:1 100% |   6.4 MiB/s |  13.1 KiB |  00m00s
[integration-test/integration-test-fedora-2]   | [ 78/121] Installing perl-Pod-Perldoc-0 100% |   7.9 MiB/s | 169.2 KiB |  00m00s
[integration-test/integration-test-fedora-2]   | [ 79/121] Installing perl-podlators-1:6 100% |  14.3 MiB/s | 321.4 KiB |  00m00s
[integration-test/integration-test-fedora-2]   | [ 80/121] Installing perl-Text-ParseWor 100% |   7.1 MiB/s |  14.6 KiB |  00m00s
[integration-test/integration-test-fedora-2]   | [ 81/121] Installing perl-Fcntl-0:1.18- 100% |  30.6 MiB/s |  94.1 KiB |  00m00s
[integration-test/integration-test-fedora-2]   | [ 82/121] Installing perl-base-0:2.27-5 100% |   6.3 MiB/s |  12.9 KiB |  00m00s
[integration-test/integration-test-fedora-2]   | [ 83/121] Installing perl-mro-0:1.29-51 100% |  16.1 MiB/s |  82.7 KiB |  00m00s
[integration-test/integration-test-fedora-2]   | [ 84/121] Installing perl-overloading-0 100% |   5.4 MiB/s |   5.5 KiB |  00m00s
[integration-test/integration-test-fedora-2]   | [ 85/121] Installing perl-IO-0:1.55-519 100% |  63.6 MiB/s | 195.3 KiB |  00m00s
[integration-test/integration-test-fedora-2]   | [ 86/121] Installing perl-Pod-Usage-4:2 100% |   4.5 MiB/s |  87.9 KiB |  00m00s
[integration-test/integration-test-fedora-2]   | [ 87/121] Installing perl-constant-0:1. 100% |   8.9 MiB/s |  27.4 KiB |  00m00s
[integration-test/integration-test-fedora-2]   | [ 88/121] Installing perl-parent-1:0.24 100% |   5.4 MiB/s |  11.0 KiB |  00m00s
[integration-test/integration-test-fedora-2]   | [ 89/121] Installing perl-MIME-Base64-0 100% |  18.8 MiB/s |  96.3 KiB |  00m00s
[integration-test/integration-test-fedora-2]   | [ 90/121] Installing perl-File-Basename 100% |  14.2 MiB/s |  14.6 KiB |  00m00s
[integration-test/integration-test-fedora-2]   | [ 91/121] Installing perl-Errno-0:1.38- 100% |   2.8 MiB/s |   8.7 KiB |  00m00s
[integration-test/integration-test-fedora-2]   | [ 92/121] Installing perl-Scalar-List-U 100% |  51.0 MiB/s | 156.7 KiB |  00m00s
[integration-test/integration-test-fedora-2]   | [ 93/121] Installing perl-vars-0:1.05-5 100% |   4.2 MiB/s |   4.3 KiB |  00m00s
[integration-test/integration-test-fedora-2]   | [ 94/121] Installing perl-Getopt-Std-0: 100% |  11.5 MiB/s |  11.7 KiB |  00m00s
[integration-test/integration-test-fedora-2]   | [ 95/121] Installing perl-overload-0:1. 100% |  35.1 MiB/s |  71.9 KiB |  00m00s
[integration-test/integration-test-fedora-2]   | [ 96/121] Installing perl-Storable-1:3. 100% | 120.1 MiB/s | 245.9 KiB |  00m00s
[integration-test/integration-test-fedora-2]   | [ 97/121] Installing perl-Getopt-Long-1 100% |  71.9 MiB/s | 147.2 KiB |  00m00s
[integration-test/integration-test-fedora-2]   | [ 98/121] Installing perl-Exporter-0:5. 100% |  27.2 MiB/s |  55.6 KiB |  00m00s
[integration-test/integration-test-fedora-2]   | [ 99/121] Installing perl-Carp-0:1.54-5 100% |  23.3 MiB/s |  47.7 KiB |  00m00s
[integration-test/integration-test-fedora-2]   | [100/121] Installing perl-PathTools-0:3 100% |  55.8 MiB/s | 228.6 KiB |  00m00s
[integration-test/integration-test-fedora-2]   | [101/121] Installing perl-DynaLoader-0: 100% |  15.9 MiB/s |  32.5 KiB |  00m00s
[integration-test/integration-test-fedora-2]   | [102/121] Installing perl-Encode-4:3.21 100% | 124.2 MiB/s |   4.8 MiB |  00m00s
[integration-test/integration-test-fedora-2]   | [103/121] Installing perl-libs-4:5.40.3 100% | 143.1 MiB/s |  10.0 MiB |  00m00s
[integration-test/integration-test-fedora-2]   | [104/121] Installing perl-interpreter-4 100% |   9.6 MiB/s | 176.0 KiB |  00m00s
[integration-test/integration-test-fedora-2]   | [105/121] Installing perl-TermReadKey-0 100% |  26.9 MiB/s | 110.2 KiB |  00m00s
[integration-test/integration-test-fedora-2]   | [106/121] Installing perl-Error-1:0.170 100% |  39.0 MiB/s |  80.0 KiB |  00m00s
[integration-test/integration-test-fedora-2]   | [107/121] Installing perl-lib-0:0.65-51 100% |   4.3 MiB/s |   8.9 KiB |  00m00s
[integration-test/integration-test-fedora-2]   | [108/121] Installing perl-Git-0:2.51.1- 100% |  31.9 MiB/s |  65.4 KiB |  00m00s
[integration-test/integration-test-fedora-2]   | [109/121] Installing git-0:2.51.1-1.fc4 100% |   7.0 MiB/s |  57.7 KiB |  00m00s
[integration-test/integration-test-fedora-2]   | [110/121] Installing xml-common-0:0.6.3 100% |  26.4 MiB/s |  81.1 KiB |  00m00s
[integration-test/integration-test-fedora-2]   | [111/121] Installing oniguruma-0:6.9.10 100% | 162.7 MiB/s | 832.9 KiB |  00m00s
[e2e-test/e2e-test                         ]   | [ 81/119] libxslt-0:1.1.43-1.fc42.aarch 100% | 479.8 KiB/s | 182.3 KiB |  00m00s
[integration-test/integration-test-fedora-2]   | [112/121] Installing jq-0:1.7.1-11.fc42 100% |  13.9 MiB/s | 468.8 KiB |  00m00s
[e2e-test/e2e-test                         ]   | [ 82/119] apt-libs-0:2.9.8-1.fc42.aarch 100% |   1.9 MiB/s |   1.1 MiB |  00m01s
[e2e-test/e2e-test                         ]   | [ 83/119] dbus-libs-1:1.16.0-3.fc42.aar 100% | 240.2 KiB/s | 145.8 KiB |  00m01s
[e2e-test/e2e-test                         ]   | [ 84/119] opendbx-0:1.4.6-39.fc42.aarch 100% | 316.4 KiB/s |  51.6 KiB |  00m00s
[e2e-test/e2e-test                         ]   | [ 85/119] xmlsec1-1:1.2.41-2.fc42.aarch 100% | 542.4 KiB/s | 174.1 KiB |  00m00s
[e2e-test/e2e-test                         ]   | [ 86/119] xxhash-libs-0:0.8.3-2.fc42.aa 100% | 121.8 KiB/s |  34.8 KiB |  00m00s
[e2e-test/e2e-test                         ]   | [ 87/119] perl-mro-0:1.29-519.fc42.aarc 100% | 523.4 KiB/s |  29.3 KiB |  00m00s
[e2e-test/e2e-test                         ]   | [ 88/119] perl-overloading-0:0.02-519.f 100% | 212.3 KiB/s |  12.7 KiB |  00m00s
[e2e-test/e2e-test                         ]   | [ 89/119] xmlsec1-openssl-1:1.2.41-2.fc 100% | 228.5 KiB/s |  83.8 KiB |  00m00s
[e2e-test/e2e-test                         ]   | [ 90/119] perl-locale-0:1.12-519.fc42.n 100% | 224.3 KiB/s |  13.5 KiB |  00m00s
[e2e-test/e2e-test                         ]   | [ 91/119] perl-File-stat-0:1.14-519.fc4 100% | 296.1 KiB/s |  16.9 KiB |  00m00s
[e2e-test/e2e-test                         ]   | [ 92/119] perl-SelectSaver-0:1.02-519.f 100% | 158.3 KiB/s |  11.6 KiB |  00m00s
[e2e-test/e2e-test                         ]   | [ 93/119] perl-Class-Struct-0:0.68-519. 100% | 429.5 KiB/s |  21.9 KiB |  00m00s
[e2e-test/e2e-test                         ]   | [ 94/119] procps-ng-0:4.0.4-6.fc42.1.aa 100% |   1.3 MiB/s | 363.4 KiB |  00m00s
[e2e-test/e2e-test                         ]   | [ 95/119] hiredis-0:1.2.0-6.fc42.aarch6 100% | 203.0 KiB/s |  48.7 KiB |  00m00s
[e2e-test/e2e-test                         ]   | [ 96/119] unbound-libs-0:1.24.1-1.fc42. 100% |   2.0 MiB/s | 536.8 KiB |  00m00s
[e2e-test/e2e-test                         ]   | [ 97/119] expat-0:2.7.2-1.fc42.aarch64  100% |   1.2 MiB/s | 115.2 KiB |  00m00s
[e2e-test/e2e-test                         ]   | [ 98/119] less-0:679-1.fc42.aarch64     100% |   2.1 MiB/s | 194.6 KiB |  00m00s
[e2e-test/e2e-test                         ]   | [ 99/119] openssh-clients-0:9.9p1-11.fc 100% |   5.8 MiB/s | 755.0 KiB |  00m00s
[e2e-test/e2e-test                         ]   | [100/119] openssh-0:9.9p1-11.fc42.aarch 100% |   1.8 MiB/s | 348.2 KiB |  00m00s
[integration-test/integration-test-fedora-2]   | [113/121] Installing scap-security-guid 100% | 576.3 MiB/s | 636.2 MiB |  00m01s
[integration-test/integration-test-fedora-2]   | [114/121] Installing perl-NDBM_File-0:1 100% |  35.9 MiB/s |  73.6 KiB |  00m00s
[integration-test/integration-test-fedora-2]   | [115/121] Installing wget2-wget-0:2.2.0 100% |  27.1 KiB/s | 444.0   B |  00m00s
[integration-test/integration-test-fedora-1]   | [ 12/119] git-core-0:2.51.1-1.fc42.aarc 100% |   1.4 MiB/s |   5.0 MiB |  00m04s
[e2e-test/e2e-test                         ]   | [101/119] libcbor-0:0.11.0-3.fc42.aarch 100% | 337.2 KiB/s |  32.4 KiB |  00m00s
[integration-test/integration-test-fedora-1]   | [ 13/119] perl-Git-0:2.51.1-1.fc42.noar 100% | 642.2 KiB/s |  37.9 KiB |  00m00s
[integration-test/integration-test-fedora-2]   | [116/121] Installing unbound-anchor-0:1 100% |   2.6 MiB/s |  75.0 KiB |  00m00s
[e2e-test/e2e-test                         ]   | [102/119] libfido2-0:1.15.0-3.fc42.aarc 100% | 266.3 KiB/s |  96.1 KiB |  00m00s
[e2e-test/e2e-test                         ]   | [103/119] libfdisk-0:2.40.4-7.fc42.aarc 100% |   1.3 MiB/s | 151.4 KiB |  00m00s
[e2e-test/e2e-test                         ]   | [104/119] perl-lib-0:0.65-519.fc42.aarc 100% | 226.8 KiB/s |  14.7 KiB |  00m00s
[integration-test/integration-test-fedora-1]   | [ 14/119] perl-Exporter-0:5.78-512.fc42 100% | 221.4 KiB/s |  31.0 KiB |  00m00s
[integration-test/integration-test-fedora-2]   | [117/121] Installing gh-0:2.79.0-1.fc42 100% | 245.6 MiB/s |  52.1 MiB |  00m00s
[integration-test/integration-test-fedora-2]   | [118/121] Installing gnupg2-smime-0:2.4 100% |  27.1 MiB/s | 611.2 KiB |  00m00s
[e2e-test/e2e-test                         ]   | [105/119] protobuf-c-0:1.5.1-1.fc42.aar 100% | 563.5 KiB/s |  31.6 KiB |  00m00s
[integration-test/integration-test-fedora-2]   | [119/121] Installing python-unversioned 100% |  21.8 KiB/s | 424.0   B |  00m00s
[integration-test/integration-test-fedora-1]   | [ 15/119] perl-Pod-Usage-4:2.05-1.fc42. 100% | 613.8 KiB/s |  40.5 KiB |  00m00s
[e2e-test/e2e-test                         ]   | [106/119] libusb1-0:1.0.29-4.fc42.aarch 100% | 775.1 KiB/s |  77.5 KiB |  00m00s
[integration-test/integration-test-fedora-2]   | [120/121] Installing pinentry-0:1.3.1-3 100% |  10.7 MiB/s | 252.1 KiB |  00m00s
[e2e-test/e2e-test                         ]   | [107/119] util-linux-0:2.40.4-7.fc42.aa 100% |   2.2 MiB/s |   1.1 MiB |  00m01s
[integration-test/integration-test-fedora-1]   | [ 16/119] perl-Text-ParseWords-0:3.31-5 100% | 232.1 KiB/s |  16.5 KiB |  00m00s
[e2e-test/e2e-test                         ]   | [108/119] libb2-0:0.98.1-13.fc42.aarch6 100% |  75.7 KiB/s |  26.0 KiB |  00m00s
[integration-test/integration-test-fedora-1]   | [ 17/119] perl-constant-0:1.33-513.fc42 100% |  72.7 KiB/s |  23.0 KiB |  00m00s
[integration-test/integration-test-fedora-2]   | [121/121] Installing make-1:4.4.1-10.fc 100% |   4.3 MiB/s |   1.9 MiB |  00m00s
[integration-test/integration-test-fedora-2]   | Complete!
[integration-test/integration-test-fedora-1]   | [ 18/119] perl-Carp-0:1.54-512.fc42.noa 100% | 400.9 KiB/s |  28.9 KiB |  00m00s
[integration-test/integration-test-fedora-2]   ✅  Success - Main Install dependency [20.159217708s]
[integration-test/integration-test-fedora-1]   | [ 19/119] git-core-doc-0:2.51.1-1.fc42. 100% | 744.6 KiB/s |   3.0 MiB |  00m04s
[integration-test/integration-test-fedora-1]   | [ 20/119] perl-Error-1:0.17030-1.fc42.n 100% | 602.6 KiB/s |  40.4 KiB |  00m00s
[e2e-test/e2e-test                         ]   | [109/119] python3-libs-0:3.13.9-1.fc42. 100% |  13.9 MiB/s |   9.1 MiB |  00m01s
[integration-test/integration-test-fedora-1]   | [ 21/119] perl-podlators-1:6.0.2-3.fc42 100% | 925.2 KiB/s | 128.6 KiB |  00m00s
[integration-test/integration-test-fedora-1]   | [ 22/119] perl-Pod-Perldoc-0:3.28.01-51 100% | 381.4 KiB/s |  85.8 KiB |  00m00s
[e2e-test/e2e-test                         ]   | [110/119] python-pip-wheel-0:24.3.1-5.f 100% |   2.8 MiB/s |   1.2 MiB |  00m00s
[e2e-test/e2e-test                         ]   | [111/119] mpdecimal-0:4.0.1-1.fc42.aarc 100% | 133.5 KiB/s |  95.8 KiB |  00m01s
[e2e-test/e2e-test                         ]   | [112/119] libedit-0:3.1-56.20251016cvs. 100% | 559.9 KiB/s | 104.1 KiB |  00m00s
[e2e-test/e2e-test                         ]   | [113/119] perl-NDBM_File-0:1.17-519.fc4 100% | 363.7 KiB/s |  22.2 KiB |  00m00s
[e2e-test/e2e-test                         ]   | [114/119] unbound-anchor-0:1.24.1-1.fc4 100% | 824.5 KiB/s |  37.9 KiB |  00m00s
[integration-test/integration-test-fedora-1]   | [ 23/119] groff-base-0:1.23.0-8.fc42.aa 100% |   4.5 MiB/s |   1.1 MiB |  00m00s
[e2e-test/e2e-test                         ]   | [115/119] python3-0:3.13.9-1.fc42.aarch 100% | 703.3 KiB/s |  30.9 KiB |  00m00s
[integration-test/integration-test-fedora-1]   | [ 24/119] perl-File-Temp-1:0.231.100-51 100% | 883.1 KiB/s |  59.2 KiB |  00m00s
[e2e-test/e2e-test                         ]   | [116/119] libsecret-0:0.21.7-4.fc42.aar 100% |   2.0 MiB/s | 193.0 KiB |  00m00s
[integration-test/integration-test-fedora-1]   | [ 25/119] perl-Encode-4:3.21-512.fc42.a 100% |   3.5 MiB/s |   1.0 MiB |  00m00s
[integration-test/integration-test-fedora-1]   | [ 26/119] perl-HTTP-Tiny-0:0.090-2.fc42 100% | 831.3 KiB/s |  56.5 KiB |  00m00s
[e2e-test/e2e-test                         ]   | [117/119] pinentry-0:1.3.1-3.fc42.aarch 100% | 410.5 KiB/s | 110.0 KiB |  00m00s
[e2e-test/e2e-test                         ]   | [118/119] python-unversioned-command-0: 100% | 288.8 KiB/s |  13.0 KiB |  00m00s
[integration-test/integration-test-fedora-2] ⭐ Run Main Configure Git for safe directory
[integration-test/integration-test-fedora-1]   | [ 27/119] perl-Pod-Simple-1:3.45-512.fc 100% |   3.1 MiB/s | 219.0 KiB |  00m00s
[integration-test/integration-test-fedora-1]   | [ 28/119] perl-parent-1:0.244-2.fc42.no 100% | 208.6 KiB/s |  15.2 KiB |  00m00s
[integration-test/integration-test-fedora-1]   | [ 29/119] perl-Term-ANSIColor-0:5.01-51 100% | 711.8 KiB/s |  47.7 KiB |  00m00s
[integration-test/integration-test-fedora-1]   | [ 30/119] perl-Term-Cap-0:1.18-512.fc42 100% | 280.4 KiB/s |  22.2 KiB |  00m00s
[integration-test/integration-test-fedora-2]   🐳  docker exec cmd=[bash --noprofile --norc -e -o pipefail /var/run/act/workflow/1-composite-1.sh] user= workdir=
[integration-test/integration-test-fedora-1]   | [ 31/119] perl-MIME-Base64-0:3.16-512.f 100% | 442.0 KiB/s |  30.1 KiB |  00m00s
[integration-test/integration-test-fedora-2]   ✅  Success - Main Configure Git for safe directory [169.711083ms]
[integration-test/integration-test-fedora-1]   | [ 32/119] perl-Storable-1:3.32-512.fc42 100% |   1.3 MiB/s |  96.1 KiB |  00m00s
[integration-test/integration-test-fedora-1]   | [ 33/119] perl-File-Path-0:2.18-512.fc4 100% | 533.0 KiB/s |  35.2 KiB |  00m00s
[integration-test/integration-test-fedora-1]   | [ 34/119] perl-IO-Socket-SSL-0:2.089-2. 100% |   2.9 MiB/s | 230.2 KiB |  00m00s
[integration-test/integration-test-fedora-1]   | [ 35/119] perl-Net-SSLeay-0:1.94-8.fc42 100% |   5.3 MiB/s | 378.4 KiB |  00m00s
[integration-test/integration-test-fedora-1]   | [ 36/119] perl-Socket-4:2.038-512.fc42. 100% | 755.4 KiB/s |  55.1 KiB |  00m00s
[e2e-test/e2e-test                         ]   | [119/119] gnupg2-smime-0:2.4.7-2.fc42.a 100% | 412.9 KiB/s | 252.3 KiB |  00m01s
[e2e-test/e2e-test                         ]   | --------------------------------------------------------------------------------
[e2e-test/e2e-test                         ]   | [119/119] Total                         100% |   6.2 MiB/s |  67.0 MiB |  00m11s
[e2e-test/e2e-test                         ]   | Running transaction
[integration-test/integration-test-fedora-1]   | [ 37/119] perl-Time-Local-2:1.350-512.f 100% | 485.4 KiB/s |  34.5 KiB |  00m00s
[integration-test/integration-test-fedora-1]   | [ 38/119] perl-Pod-Escapes-1:1.07-512.f 100% | 257.4 KiB/s |  19.8 KiB |  00m00s
[integration-test/integration-test-fedora-1]   | [ 39/119] perl-Text-Tabs+Wrap-0:2024.00 100% | 311.4 KiB/s |  21.8 KiB |  00m00s
[integration-test/integration-test-fedora-1]   | [ 40/119] ncurses-0:6.5-5.20250125.fc42 100% |   5.3 MiB/s | 422.0 KiB |  00m00s
[integration-test/integration-test-fedora-1]   | [ 41/119] scap-security-guide-0:0.1.78- 100% |   2.2 MiB/s |  13.5 MiB |  00m06s
[integration-test/integration-test-fedora-1]   | [ 42/119] perl-IO-Socket-IP-0:0.43-2.fc 100% | 385.1 KiB/s |  42.4 KiB |  00m00s
[integration-test/integration-test-fedora-1]   | [ 43/119] perl-URI-0:5.31-2.fc42.noarch 100% |   1.9 MiB/s | 140.7 KiB |  00m00s
[integration-test/integration-test-fedora-2]   ☁  git clone 'https://github.com/actions/setup-go' # ref=44694675825211faa026b3c33043df3e48a5fa00
[integration-test/integration-test-fedora-1]   | [ 44/119] perl-Data-Dumper-0:2.189-513. 100% | 821.3 KiB/s |  55.0 KiB |  00m00s
[integration-test/integration-test-fedora-1]   | [ 45/119] perl-libnet-0:3.15-513.fc42.n 100% |   1.7 MiB/s | 128.4 KiB |  00m00s
[integration-test/integration-test-fedora-1]   | [ 46/119] perl-Digest-MD5-0:2.59-6.fc42 100% | 544.2 KiB/s |  35.9 KiB |  00m00s
[integration-test/integration-test-fedora-1]   | [ 47/119] perl-MIME-Base32-0:1.303-23.f 100% | 143.5 KiB/s |  20.5 KiB |  00m00s
[integration-test/integration-test-fedora-1]   | [ 48/119] perl-Digest-0:1.20-512.fc42.n 100% | 346.3 KiB/s |  24.9 KiB |  00m00s
[integration-test/integration-test-fedora-1]   | [ 49/119] gnutls-dane-0:3.8.10-1.fc42.a 100% | 196.7 KiB/s |  37.6 KiB |  00m00s
[OSV-Scanner/OSV-Scanner PR Scanning/osv-scan] Non-terminating error while running 'git clone': some refs were not updated
[integration-test/integration-test-fedora-1]   | [ 50/119] gnupg2-0:2.4.7-2.fc42.aarch64 100% |  12.6 MiB/s |   2.7 MiB |  00m00s
[OSV-Scanner/OSV-Scanner PR Scanning/osv-scan] ⭐ Run Main actions/checkout@08c6903cd8c0fde910a37f88322edcfb5dd907a8
[integration-test/integration-test-fedora-1]   | [ 51/119] libassuan-0:2.5.7-3.fc42.aarc 100% | 981.2 KiB/s |  66.7 KiB |  00m00s
[OSV-Scanner/OSV-Scanner PR Scanning/osv-scan]   🐳  docker cp src=/Users/sonu/GitHub/complyctl/. dst=/Users/sonu/GitHub/complyctl
[integration-test/integration-test-fedora-1]   | [ 52/119] gpgme-0:1.24.3-1.fc42.aarch64 100% | 428.4 KiB/s | 215.9 KiB |  00m01s
[integration-test/integration-test-fedora-1]   | [ 53/119] libgpg-error-0:1.51-2.fc42.aa 100% |   3.3 MiB/s | 235.9 KiB |  00m00s
[integration-test/integration-test-fedora-1]   | [ 54/119] libksba-0:1.6.7-3.fc42.aarch6 100% |   1.3 MiB/s | 159.0 KiB |  00m00s
[integration-test/integration-test-fedora-1]   | [ 55/119] libgcrypt-0:1.11.0-5.fc42.aar 100% |   2.7 MiB/s | 501.4 KiB |  00m00s
[integration-test/integration-test-fedora-1]   | [ 56/119] npth-0:1.8-2.fc42.aarch64     100% | 274.1 KiB/s |  25.2 KiB |  00m00s
[e2e-test/e2e-test                         ]   | [  1/121] Verify package files          100% | 382.0   B/s | 119.0   B |  00m00s
[integration-test/integration-test-fedora-1]   | [ 57/119] tpm2-tss-0:4.1.3-6.fc42.aarch 100% |   4.2 MiB/s | 398.8 KiB |  00m00s
[e2e-test/e2e-test                         ]   | [  2/121] Prepare transaction           100% | 793.0   B/s | 119.0   B |  00m00s
[e2e-test/e2e-test                         ]   | [  3/121] Installing libgpg-error-0:1.5 100% |  29.3 MiB/s | 959.9 KiB |  00m00s
[e2e-test/e2e-test                         ]   | [  4/121] Installing libassuan-0:2.5.7- 100% |  53.1 MiB/s | 217.7 KiB |  00m00s
[e2e-test/e2e-test                         ]   | [  5/121] Installing libgcrypt-0:1.11.0 100% | 125.6 MiB/s |   1.1 MiB |  00m00s
[integration-test/integration-test-fedora-2] Non-terminating error while running 'git clone': some refs were not updated
[e2e-test/e2e-test                         ]   | [  6/121] Installing expat-0:2.7.2-1.fc 100% |  14.7 MiB/s | 360.6 KiB |  00m00s
[e2e-test/e2e-test                         ]   | [  7/121] Installing libxslt-0:1.1.43-1 100% |  17.9 MiB/s | 551.3 KiB |  00m00s
[integration-test/integration-test-fedora-1]   | [ 58/119] openscap-scanner-1:1.4.2-2.fc 100% | 236.1 KiB/s |  49.3 KiB |  00m00s
[e2e-test/e2e-test                         ]   | [  8/121] Installing xmlsec1-1:1.2.41-2 100% |  22.6 MiB/s | 600.6 KiB |  00m00s
[e2e-test/e2e-test                         ]   | [  9/121] Installing libksba-0:1.6.7-3. 100% |  97.9 MiB/s | 401.0 KiB |  00m00s
[e2e-test/e2e-test                         ]   | [ 10/121] Installing npth-0:1.8-2.fc42. 100% |  30.8 MiB/s |  94.6 KiB |  00m00s
[e2e-test/e2e-test                         ]   | [ 11/121] Installing xmlsec1-openssl-1: 100% |  79.6 MiB/s | 326.1 KiB |  00m00s
[e2e-test/e2e-test                         ]   | [ 12/121] Installing libsecret-0:0.21.7 100% |  22.2 MiB/s | 637.7 KiB |  00m00s
[e2e-test/e2e-test                         ]   | [ 13/121] Installing libedit-0:3.1-56.2 100% |  34.4 MiB/s | 281.8 KiB |  00m00s
[e2e-test/e2e-test                         ]   | [ 14/121] Installing python-pip-wheel-0 100% | 177.8 MiB/s |   1.2 MiB |  00m00s
[e2e-test/e2e-test                         ]   | [ 15/121] Installing mpdecimal-0:4.0.1- 100% |  92.0 MiB/s | 282.7 KiB |  00m00s
[integration-test/integration-test-fedora-2] ⭐ Run Main Set up Go
[e2e-test/e2e-test                         ]   | [ 16/121] Installing libb2-0:0.98.1-13. 100% |   7.3 MiB/s |  75.2 KiB |  00m00s
[integration-test/integration-test-fedora-1]   | [ 59/119] apt-libs-0:2.9.8-1.fc42.aarch 100% |   7.3 MiB/s |   1.1 MiB |  00m00s
[integration-test/integration-test-fedora-2]   🐳  docker cp src=/Users/sonu/.cache/act/actions-setup-go@44694675825211faa026b3c33043df3e48a5fa00/ dst=/var/run/act/actions/actions-setup-go@44694675825211faa026b3c33043df3e48a5fa00/
[integration-test/integration-test-fedora-1]   | [ 60/119] dbus-1:1.16.0-3.fc42.aarch64  100% | 115.3 KiB/s |   7.7 KiB |  00m00s
[integration-test/integration-test-fedora-1]   | [ 61/119] dbus-libs-1:1.16.0-3.fc42.aar 100% | 965.6 KiB/s | 145.8 KiB |  00m00s
[integration-test/integration-test-fedora-1]   | [ 62/119] libxslt-0:1.1.43-1.fc42.aarch 100% |   2.1 MiB/s | 182.3 KiB |  00m00s
[integration-test/integration-test-fedora-1]   | [ 63/119] opendbx-0:1.4.6-39.fc42.aarch 100% | 606.7 KiB/s |  51.6 KiB |  00m00s
[integration-test/integration-test-fedora-1]   | [ 64/119] xmlsec1-1:1.2.41-2.fc42.aarch 100% |   1.4 MiB/s | 174.1 KiB |  00m00s
[e2e-test/e2e-test                         ]   | [ 17/121] Installing python3-libs-0:3.1 100% |  64.3 MiB/s |  42.5 MiB |  00m01s
[integration-test/integration-test-fedora-1]   | [ 65/119] xmlsec1-openssl-1:1.2.41-2.fc 100% | 882.6 KiB/s |  83.8 KiB |  00m00s
[e2e-test/e2e-test                         ]   | [ 18/121] Installing python3-0:3.13.9-1 100% |   1.9 MiB/s |  86.4 KiB |  00m00s
[e2e-test/e2e-test                         ]   | [ 19/121] Installing protobuf-c-0:1.5.1 100% |  19.4 MiB/s |  79.3 KiB |  00m00s
[integration-test/integration-test-fedora-1]   | [ 66/119] xxhash-libs-0:0.8.3-2.fc42.aa 100% | 470.6 KiB/s |  34.8 KiB |  00m00s
[e2e-test/e2e-test                         ]   | [ 20/121] Installing libusb1-0:1.0.29-4 100% |   3.3 MiB/s | 180.5 KiB |  00m00s
[e2e-test/e2e-test                         ]   | >>> Running sysusers scriptlet: tpm2-tss-0:4.1.3-6.fc42.aarch64
[e2e-test/e2e-test                         ]   | >>> Finished sysusers scriptlet: tpm2-tss-0:4.1.3-6.fc42.aarch64
[e2e-test/e2e-test                         ]   | >>> Scriptlet output:
[e2e-test/e2e-test                         ]   | >>> Failed to connect to audit log, ignoring: Invalid argument
[e2e-test/e2e-test                         ]   | >>> Creating group 'tss' with GID 59.
[e2e-test/e2e-test                         ]   | >>> Creating user 'tss' (Account used for TPM access) with UID 59 and GID 59.
[e2e-test/e2e-test                         ]   | >>>
[e2e-test/e2e-test                         ]   | [ 21/121] Installing tpm2-tss-0:4.1.3-6 100% |  54.0 MiB/s |   2.2 MiB |  00m00s
[e2e-test/e2e-test                         ]   | [ 22/121] Installing gnupg2-0:2.4.7-2.f 100% | 113.1 MiB/s |  10.4 MiB |  00m00s
[e2e-test/e2e-test                         ]   | [ 23/121] Installing gpgme-0:1.24.3-1.f 100% |  28.2 MiB/s | 693.8 KiB |  00m00s
[integration-test/integration-test-fedora-2]   🐳  docker exec cmd=[node /var/run/act/actions/actions-setup-go@44694675825211faa026b3c33043df3e48a5fa00/dist/setup/index.js] user= workdir=
[integration-test/integration-test-fedora-2]   | Error: crun: executable file `node` not found in $PATH: No such file or directory: OCI runtime attempted to invoke a command that was not found
[integration-test/integration-test-fedora-2]   | Error: read unixpacket @->/proc/self/fd/13/attach: read: connection reset by peer
[integration-test/integration-test-fedora-2]   ❌  Failure - Main Set up Go [929.633959ms]
[e2e-test/e2e-test                         ]   | [ 24/121] Installing libfdisk-0:2.40.4- 100% |  58.6 MiB/s | 419.8 KiB |  00m00s
[e2e-test/e2e-test                         ]   | [ 25/121] Installing util-linux-0:2.40. 100% |  62.5 MiB/s |   6.6 MiB |  00m00s
[e2e-test/e2e-test                         ]   | [ 26/121] Installing openssh-0:9.9p1-11 100% |  44.6 MiB/s |   1.4 MiB |  00m00s
[e2e-test/e2e-test                         ]   | [ 27/121] Installing libcbor-0:0.11.0-3 100% |  68.0 MiB/s | 139.3 KiB |  00m00s
[e2e-test/e2e-test                         ]   | [ 28/121] Installing libfido2-0:1.15.0- 100% |  68.3 MiB/s | 279.8 KiB |  00m00s
[e2e-test/e2e-test                         ]   | [ 29/121] Installing openssh-clients-0: 100% |  55.3 MiB/s |   2.8 MiB |  00m00s
[e2e-test/e2e-test                         ]   | [ 30/121] Installing less-0:679-1.fc42. 100% |  18.1 MiB/s | 557.2 KiB |  00m00s
[e2e-test/e2e-test                         ]   | [ 31/121] Installing git-core-0:2.51.1- 100% | 185.8 MiB/s |  23.4 MiB |  00m00s
[e2e-test/e2e-test                         ]   | [ 32/121] Installing git-core-doc-0:2.5 100% | 994.4 MiB/s |  17.9 MiB |  00m00s
[e2e-test/e2e-test                         ]   | [ 33/121] Installing hiredis-0:1.2.0-6. 100% |   4.7 MiB/s | 203.5 KiB |  00m00s
[e2e-test/e2e-test                         ]   | >>> Running sysusers scriptlet: unbound-libs-0:1.24.1-1.fc42.aarch64
[e2e-test/e2e-test                         ]   | >>> Finished sysusers scriptlet: unbound-libs-0:1.24.1-1.fc42.aarch64
[e2e-test/e2e-test                         ]   | >>> Scriptlet output:
[e2e-test/e2e-test                         ]   | >>> Failed to connect to audit log, ignoring: Invalid argument
[e2e-test/e2e-test                         ]   | >>> Creating group 'unbound' with GID 999.
[e2e-test/e2e-test                         ]   | >>> Creating user 'unbound' (Unbound DNS resolver) with UID 999 and GID 999.
[e2e-test/e2e-test                         ]   | >>>
[e2e-test/e2e-test                         ]   | [ 34/121] Installing unbound-libs-0:1.2 100% | 131.9 MiB/s |   1.5 MiB |  00m00s
[e2e-test/e2e-test                         ]   | [ 35/121] Installing gnutls-dane-0:3.8. 100% |  34.0 MiB/s |  69.7 KiB |  00m00s
[e2e-test/e2e-test                         ]   | [ 36/121] Installing wget2-libs-0:2.2.0 100% |  90.5 MiB/s | 370.8 KiB |  00m00s
[e2e-test/e2e-test                         ]   | [ 37/121] Installing wget2-0:2.2.0-5.fc 100% |  48.3 MiB/s |   1.1 MiB |  00m00s
[integration-test/integration-test-fedora-1]   | [ 67/119] openscap-1:1.4.2-2.fc42.aarch 100% |   1.2 MiB/s |   1.9 MiB |  00m02s
[e2e-test/e2e-test                         ]   | [ 38/121] Installing procps-ng-0:4.0.4- 100% |  51.2 MiB/s |   1.7 MiB |  00m00s
[integration-test/integration-test-fedora-2] exitcode '127': command not found, please refer to https://github.com/nektos/act/issues/107 for more information
[e2e-test/e2e-test                         ]   | [ 39/121] Installing xxhash-libs-0:0.8. 100% |  17.1 MiB/s |  87.4 KiB |  00m00s
[e2e-test/e2e-test                         ]   | [ 40/121] Installing apt-libs-0:2.9.8-1 100% | 120.2 MiB/s |   3.6 MiB |  00m00s
[e2e-test/e2e-test                         ]   | [ 41/121] Installing opendbx-0:1.4.6-39 100% |  27.4 MiB/s | 196.4 KiB |  00m00s
[e2e-test/e2e-test                         ]   | [ 42/121] Installing dbus-libs-1:1.16.0 100% |  38.9 MiB/s | 398.6 KiB |  00m00s
[integration-test/integration-test-fedora-1]   | [ 68/119] perl-interpreter-4:5.40.3-519 100% |   1.1 MiB/s |  72.1 KiB |  00m00s
[integration-test/integration-test-fedora-1]   | [ 69/119] perl-Errno-0:1.38-519.fc42.aa 100% | 263.2 KiB/s |  14.7 KiB |  00m00s
[e2e-test/e2e-test                         ]   | [ 43/121] Installing dbus-1:1.16.0-3.fc 100% |   6.7 KiB/s | 124.0   B |  00m00s
[e2e-test/e2e-test                         ]   | [ 44/121] Installing openscap-1:1.4.2-2 100% | 339.5 MiB/s |  65.5 MiB |  00m00s
[e2e-test/e2e-test                         ]   | [ 45/121] Installing openscap-scanner-1 100% |   4.7 MiB/s | 149.5 KiB |  00m00s
[e2e-test/e2e-test                         ]   | [ 46/121] Installing ncurses-0:6.5-5.20 100% |  19.9 MiB/s | 898.4 KiB |  00m00s
[Standardized CI/Reusable CI/Run linters]   | npm WARN EBADENGINE Unsupported engine {
[Standardized CI/Reusable CI/Run linters]   | npm WARN EBADENGINE   package: '@commitlint/cli@20.1.0',
[Standardized CI/Reusable CI/Run linters]   | npm WARN EBADENGINE   required: { node: '>=v18' },
[Standardized CI/Reusable CI/Run linters]   | npm WARN EBADENGINE   current: { node: 'v16.20.2', npm: '8.19.4' }
[Standardized CI/Reusable CI/Run linters]   | npm WARN EBADENGINE }
[Standardized CI/Reusable CI/Run linters]   | npm WARN EBADENGINE Unsupported engine {
[Standardized CI/Reusable CI/Run linters]   | npm WARN EBADENGINE   package: '@commitlint/config-conventional@20.0.0',
[Standardized CI/Reusable CI/Run linters]   | npm WARN EBADENGINE   required: { node: '>=v18' },
[Standardized CI/Reusable CI/Run linters]   | npm WARN EBADENGINE   current: { node: 'v16.20.2', npm: '8.19.4' }
[Standardized CI/Reusable CI/Run linters]   | npm WARN EBADENGINE }
[Standardized CI/Reusable CI/Run linters]   | npm WARN EBADENGINE Unsupported engine {
[Standardized CI/Reusable CI/Run linters]   | npm WARN EBADENGINE   package: '@commitlint/format@20.0.0',
[Standardized CI/Reusable CI/Run linters]   | npm WARN EBADENGINE   required: { node: '>=v18' },
[Standardized CI/Reusable CI/Run linters]   | npm WARN EBADENGINE   current: { node: 'v16.20.2', npm: '8.19.4' }
[Standardized CI/Reusable CI/Run linters]   | npm WARN EBADENGINE }
[Standardized CI/Reusable CI/Run linters]   | npm WARN EBADENGINE Unsupported engine {
[Standardized CI/Reusable CI/Run linters]   | npm WARN EBADENGINE   package: '@commitlint/lint@20.0.0',
[Standardized CI/Reusable CI/Run linters]   | npm WARN EBADENGINE   required: { node: '>=v18' },
[Standardized CI/Reusable CI/Run linters]   | npm WARN EBADENGINE   current: { node: 'v16.20.2', npm: '8.19.4' }
[Standardized CI/Reusable CI/Run linters]   | npm WARN EBADENGINE }
[Standardized CI/Reusable CI/Run linters]   | npm WARN EBADENGINE Unsupported engine {
[Standardized CI/Reusable CI/Run linters]   | npm WARN EBADENGINE   package: '@commitlint/load@20.1.0',
[Standardized CI/Reusable CI/Run linters]   | npm WARN EBADENGINE   required: { node: '>=v18' },
[Standardized CI/Reusable CI/Run linters]   | npm WARN EBADENGINE   current: { node: 'v16.20.2', npm: '8.19.4' }
[Standardized CI/Reusable CI/Run linters]   | npm WARN EBADENGINE }
[Standardized CI/Reusable CI/Run linters]   | npm WARN EBADENGINE Unsupported engine {
[Standardized CI/Reusable CI/Run linters]   | npm WARN EBADENGINE   package: '@commitlint/read@20.0.0',
[Standardized CI/Reusable CI/Run linters]   | npm WARN EBADENGINE   required: { node: '>=v18' },
[Standardized CI/Reusable CI/Run linters]   | npm WARN EBADENGINE   current: { node: 'v16.20.2', npm: '8.19.4' }
[Standardized CI/Reusable CI/Run linters]   | npm WARN EBADENGINE }
[Standardized CI/Reusable CI/Run linters]   | npm WARN EBADENGINE Unsupported engine {
[Standardized CI/Reusable CI/Run linters]   | npm WARN EBADENGINE   package: '@commitlint/types@20.0.0',
[Standardized CI/Reusable CI/Run linters]   | npm WARN EBADENGINE   required: { node: '>=v18' },
[Standardized CI/Reusable CI/Run linters]   | npm WARN EBADENGINE   current: { node: 'v16.20.2', npm: '8.19.4' }
[Standardized CI/Reusable CI/Run linters]   | npm WARN EBADENGINE }
[Standardized CI/Reusable CI/Run linters]   | npm WARN EBADENGINE Unsupported engine {
[Standardized CI/Reusable CI/Run linters]   | npm WARN EBADENGINE   package: 'tinyexec@1.0.2',
[Standardized CI/Reusable CI/Run linters]   | npm WARN EBADENGINE   required: { node: '>=18' },
[Standardized CI/Reusable CI/Run linters]   | npm WARN EBADENGINE   current: { node: 'v16.20.2', npm: '8.19.4' }
[Standardized CI/Reusable CI/Run linters]   | npm WARN EBADENGINE }
[Standardized CI/Reusable CI/Run linters]   | npm WARN EBADENGINE Unsupported engine {
[Standardized CI/Reusable CI/Run linters]   | npm WARN EBADENGINE   package: '@commitlint/is-ignored@20.0.0',
[Standardized CI/Reusable CI/Run linters]   | npm WARN EBADENGINE   required: { node: '>=v18' },
[Standardized CI/Reusable CI/Run linters]   | npm WARN EBADENGINE   current: { node: 'v16.20.2', npm: '8.19.4' }
[Standardized CI/Reusable CI/Run linters]   | npm WARN EBADENGINE }
[Standardized CI/Reusable CI/Run linters]   | npm WARN EBADENGINE Unsupported engine {
[Standardized CI/Reusable CI/Run linters]   | npm WARN EBADENGINE   package: '@commitlint/parse@20.0.0',
[Standardized CI/Reusable CI/Run linters]   | npm WARN EBADENGINE   required: { node: '>=v18' },
[Standardized CI/Reusable CI/Run linters]   | npm WARN EBADENGINE   current: { node: 'v16.20.2', npm: '8.19.4' }
[Standardized CI/Reusable CI/Run linters]   | npm WARN EBADENGINE }
[Standardized CI/Reusable CI/Run linters]   | npm WARN EBADENGINE Unsupported engine {
[Standardized CI/Reusable CI/Run linters]   | npm WARN EBADENGINE   package: '@commitlint/rules@20.0.0',
[Standardized CI/Reusable CI/Run linters]   | npm WARN EBADENGINE   required: { node: '>=v18' },
[Standardized CI/Reusable CI/Run linters]   | npm WARN EBADENGINE   current: { node: 'v16.20.2', npm: '8.19.4' }
[Standardized CI/Reusable CI/Run linters]   | npm WARN EBADENGINE }
[Standardized CI/Reusable CI/Run linters]   | npm WARN EBADENGINE Unsupported engine {
[Standardized CI/Reusable CI/Run linters]   | npm WARN EBADENGINE   package: '@commitlint/config-validator@20.0.0',
[Standardized CI/Reusable CI/Run linters]   | npm WARN EBADENGINE   required: { node: '>=v18' },
[Standardized CI/Reusable CI/Run linters]   | npm WARN EBADENGINE   current: { node: 'v16.20.2', npm: '8.19.4' }
[Standardized CI/Reusable CI/Run linters]   | npm WARN EBADENGINE }
[Standardized CI/Reusable CI/Run linters]   | npm WARN EBADENGINE Unsupported engine {
[Standardized CI/Reusable CI/Run linters]   | npm WARN EBADENGINE   package: '@commitlint/execute-rule@20.0.0',
[Standardized CI/Reusable CI/Run linters]   | npm WARN EBADENGINE   required: { node: '>=v18' },
[Standardized CI/Reusable CI/Run linters]   | npm WARN EBADENGINE   current: { node: 'v16.20.2', npm: '8.19.4' }
[Standardized CI/Reusable CI/Run linters]   | npm WARN EBADENGINE }
[Standardized CI/Reusable CI/Run linters]   | npm WARN EBADENGINE Unsupported engine {
[Standardized CI/Reusable CI/Run linters]   | npm WARN EBADENGINE   package: '@commitlint/resolve-extends@20.1.0',
[Standardized CI/Reusable CI/Run linters]   | npm WARN EBADENGINE   required: { node: '>=v18' },
[Standardized CI/Reusable CI/Run linters]   | npm WARN EBADENGINE   current: { node: 'v16.20.2', npm: '8.19.4' }
[Standardized CI/Reusable CI/Run linters]   | npm WARN EBADENGINE }
[Standardized CI/Reusable CI/Run linters]   | npm WARN EBADENGINE Unsupported engine {
[Standardized CI/Reusable CI/Run linters]   | npm WARN EBADENGINE   package: 'cosmiconfig-typescript-loader@6.2.0',
[Standardized CI/Reusable CI/Run linters]   | npm WARN EBADENGINE   required: { node: '>=v18' },
[Standardized CI/Reusable CI/Run linters]   | npm WARN EBADENGINE   current: { node: 'v16.20.2', npm: '8.19.4' }
[Standardized CI/Reusable CI/Run linters]   | npm WARN EBADENGINE }
[Standardized CI/Reusable CI/Run linters]   | npm WARN EBADENGINE Unsupported engine {
[Standardized CI/Reusable CI/Run linters]   | npm WARN EBADENGINE   package: '@commitlint/top-level@20.0.0',
[Standardized CI/Reusable CI/Run linters]   | npm WARN EBADENGINE   required: { node: '>=v18' },
[Standardized CI/Reusable CI/Run linters]   | npm WARN EBADENGINE   current: { node: 'v16.20.2', npm: '8.19.4' }
[Standardized CI/Reusable CI/Run linters]   | npm WARN EBADENGINE }
[Standardized CI/Reusable CI/Run linters]   | npm WARN EBADENGINE Unsupported engine {
[Standardized CI/Reusable CI/Run linters]   | npm WARN EBADENGINE   package: 'global-directory@4.0.1',
[Standardized CI/Reusable CI/Run linters]   | npm WARN EBADENGINE   required: { node: '>=18' },
[Standardized CI/Reusable CI/Run linters]   | npm WARN EBADENGINE   current: { node: 'v16.20.2', npm: '8.19.4' }
[Standardized CI/Reusable CI/Run linters]   | npm WARN EBADENGINE }
[Standardized CI/Reusable CI/Run linters]   | npm WARN EBADENGINE Unsupported engine {
[Standardized CI/Reusable CI/Run linters]   | npm WARN EBADENGINE   package: '@commitlint/ensure@20.0.0',
[Standardized CI/Reusable CI/Run linters]   | npm WARN EBADENGINE   required: { node: '>=v18' },
[Standardized CI/Reusable CI/Run linters]   | npm WARN EBADENGINE   current: { node: 'v16.20.2', npm: '8.19.4' }
[Standardized CI/Reusable CI/Run linters]   | npm WARN EBADENGINE }
[Standardized CI/Reusable CI/Run linters]   | npm WARN EBADENGINE Unsupported engine {
[Standardized CI/Reusable CI/Run linters]   | npm WARN EBADENGINE   package: '@commitlint/message@20.0.0',
[Standardized CI/Reusable CI/Run linters]   | npm WARN EBADENGINE   required: { node: '>=v18' },
[Standardized CI/Reusable CI/Run linters]   | npm WARN EBADENGINE   current: { node: 'v16.20.2', npm: '8.19.4' }
[Standardized CI/Reusable CI/Run linters]   | npm WARN EBADENGINE }
[Standardized CI/Reusable CI/Run linters]   | npm WARN EBADENGINE Unsupported engine {
[Standardized CI/Reusable CI/Run linters]   | npm WARN EBADENGINE   package: '@commitlint/to-lines@20.0.0',
[Standardized CI/Reusable CI/Run linters]   | npm WARN EBADENGINE   required: { node: '>=v18' },
[Standardized CI/Reusable CI/Run linters]   | npm WARN EBADENGINE   current: { node: 'v16.20.2', npm: '8.19.4' }
[Standardized CI/Reusable CI/Run linters]   | npm WARN EBADENGINE }
[Standardized CI/Reusable CI/Run linters]   | npm WARN EBADENGINE Unsupported engine {
[Standardized CI/Reusable CI/Run linters]   | npm WARN EBADENGINE   package: 'find-up@7.0.0',
[Standardized CI/Reusable CI/Run linters]   | npm WARN EBADENGINE   required: { node: '>=18' },
[Standardized CI/Reusable CI/Run linters]   | npm WARN EBADENGINE   current: { node: 'v16.20.2', npm: '8.19.4' }
[Standardized CI/Reusable CI/Run linters]   | npm WARN EBADENGINE }
[Standardized CI/Reusable CI/Run linters]   | npm WARN EBADENGINE Unsupported engine {
[Standardized CI/Reusable CI/Run linters]   | npm WARN EBADENGINE   package: 'unicorn-magic@0.1.0',
[Standardized CI/Reusable CI/Run linters]   | npm WARN EBADENGINE   required: { node: '>=18' },
[Standardized CI/Reusable CI/Run linters]   | npm WARN EBADENGINE   current: { node: 'v16.20.2', npm: '8.19.4' }
[Standardized CI/Reusable CI/Run linters]   | npm WARN EBADENGINE }
[integration-test/integration-test-fedora-1]   | [ 70/119] procps-ng-0:4.0.4-6.fc42.1.aa 100% |   1.3 MiB/s | 363.4 KiB |  00m00s
[integration-test/integration-test-fedora-2]   ❌  Failure - Main Setup compyctl [24.795081208s]
[e2e-test/e2e-test                         ]   | [ 47/121] Installing groff-base-0:1.23. 100% |  28.6 MiB/s |   4.2 MiB |  00m00s
[e2e-test/e2e-test                         ]   | [ 48/121] Installing perl-Digest-0:1.20 100% |  12.1 MiB/s |  37.1 KiB |  00m00s
[e2e-test/e2e-test                         ]   | [ 49/121] Installing perl-Digest-MD5-0: 100% |  14.7 MiB/s | 105.6 KiB |  00m00s
[e2e-test/e2e-test                         ]   | [ 50/121] Installing perl-B-0:1.89-519. 100% |  44.4 MiB/s | 545.3 KiB |  00m00s
[e2e-test/e2e-test                         ]   | [ 51/121] Installing perl-FileHandle-0: 100% |   2.4 MiB/s |   9.8 KiB |  00m00s
[e2e-test/e2e-test                         ]   | [ 52/121] Installing perl-MIME-Base32-0 100% |   7.9 MiB/s |  32.2 KiB |  00m00s
[e2e-test/e2e-test                         ]   | [ 53/121] Installing perl-Data-Dumper-0 100% |  19.2 MiB/s | 137.5 KiB |  00m00s
[e2e-test/e2e-test                         ]   | [ 54/121] Installing perl-libnet-0:3.15 100% |  48.0 MiB/s | 294.7 KiB |  00m00s
[e2e-test/e2e-test                         ]   | [ 55/121] Installing perl-AutoLoader-0: 100% |   6.8 MiB/s |  20.9 KiB |  00m00s
[e2e-test/e2e-test                         ]   | [ 56/121] Installing perl-IO-Socket-IP- 100% |  20.0 MiB/s | 102.2 KiB |  00m00s
[e2e-test/e2e-test                         ]   | [ 57/121] Installing perl-URI-0:5.31-2. 100% |  21.9 MiB/s | 269.6 KiB |  00m00s
[e2e-test/e2e-test                         ]   | [ 58/121] Installing perl-Time-Local-2: 100% |  34.5 MiB/s |  70.6 KiB |  00m00s
[e2e-test/e2e-test                         ]   | [ 59/121] Installing perl-Text-Tabs+Wra 100% |   5.8 MiB/s |  23.9 KiB |  00m00s
[e2e-test/e2e-test                         ]   | [ 60/121] Installing perl-File-Path-0:2 100% |  31.5 MiB/s |  64.5 KiB |  00m00s
[e2e-test/e2e-test                         ]   | [ 61/121] Installing perl-Pod-Escapes-1 100% |   5.1 MiB/s |  25.9 KiB |  00m00s
[e2e-test/e2e-test                         ]   | [ 62/121] Installing perl-if-0:0.61.000 100% |   1.2 MiB/s |   6.2 KiB |  00m00s
[e2e-test/e2e-test                         ]   | [ 63/121] Installing perl-Net-SSLeay-0: 100% | 119.4 MiB/s |   1.4 MiB |  00m00s
[e2e-test/e2e-test                         ]   | [ 64/121] Installing perl-locale-0:1.12 100% |   2.2 MiB/s |   6.9 KiB |  00m00s
[e2e-test/e2e-test                         ]   | [ 65/121] Installing perl-IO-Socket-SSL 100% | 115.1 MiB/s | 707.4 KiB |  00m00s
[e2e-test/e2e-test                         ]   | [ 66/121] Installing perl-Term-ANSIColo 100% |  32.3 MiB/s |  99.2 KiB |  00m00s
[e2e-test/e2e-test                         ]   | [ 67/121] Installing perl-Term-Cap-0:1. 100% |  14.9 MiB/s |  30.6 KiB |  00m00s
[e2e-test/e2e-test                         ]   | [ 68/121] Installing perl-POSIX-0:2.20- 100% |  36.9 MiB/s | 264.4 KiB |  00m00s
[e2e-test/e2e-test                         ]   | [ 69/121] Installing perl-File-Temp-1:0 100% |  53.4 MiB/s | 164.1 KiB |  00m00s
[e2e-test/e2e-test                         ]   | [ 70/121] Installing perl-HTTP-Tiny-0:0 100% |  50.9 MiB/s | 156.4 KiB |  00m00s
[e2e-test/e2e-test                         ]   | [ 71/121] Installing perl-IPC-Open3-0:1 100% |   5.7 MiB/s |  23.3 KiB |  00m00s
[e2e-test/e2e-test                         ]   | [ 72/121] Installing perl-Class-Struct- 100% |   5.1 MiB/s |  25.9 KiB |  00m00s
[e2e-test/e2e-test                         ]   | [ 73/121] Installing perl-Pod-Simple-1: 100% |  61.9 MiB/s | 570.4 KiB |  00m00s
[e2e-test/e2e-test                         ]   | [ 74/121] Installing perl-Socket-4:2.03 100% |  35.6 MiB/s | 146.0 KiB |  00m00s
[e2e-test/e2e-test                         ]   | [ 75/121] Installing perl-Symbol-0:1.09 100% |   3.5 MiB/s |   7.2 KiB |  00m00s
[e2e-test/e2e-test                         ]   | [ 76/121] Installing perl-SelectSaver-0 100% |   1.3 MiB/s |   2.6 KiB |  00m00s
[e2e-test/e2e-test                         ]   | [ 77/121] Installing perl-File-stat-0:1 100% |   6.4 MiB/s |  13.1 KiB |  00m00s
[e2e-test/e2e-test                         ]   | [ 78/121] Installing perl-Pod-Perldoc-0 100% |   3.1 MiB/s | 169.2 KiB |  00m00s
[integration-test/integration-test-fedora-1]   | [ 71/119] unbound-libs-0:1.24.1-1.fc42. 100% |   1.5 MiB/s | 536.8 KiB |  00m00s
[e2e-test/e2e-test                         ]   | [ 79/121] Installing perl-podlators-1:6 100% |   3.6 MiB/s | 321.4 KiB |  00m00s
[e2e-test/e2e-test                         ]   | [ 80/121] Installing perl-Text-ParseWor 100% |   2.0 MiB/s |  14.6 KiB |  00m00s
[e2e-test/e2e-test                         ]   | [ 81/121] Installing perl-Fcntl-0:1.18- 100% |   9.2 MiB/s |  94.1 KiB |  00m00s
[e2e-test/e2e-test                         ]   | [ 82/121] Installing perl-base-0:2.27-5 100% |   1.6 MiB/s |  12.9 KiB |  00m00s
[e2e-test/e2e-test                         ]   | [ 83/121] Installing perl-mro-0:1.29-51 100% |  11.5 MiB/s |  82.7 KiB |  00m00s
[e2e-test/e2e-test                         ]   | [ 84/121] Installing perl-overloading-0 100% |   1.1 MiB/s |   5.5 KiB |  00m00s
[e2e-test/e2e-test                         ]   | [ 85/121] Installing perl-IO-0:1.55-519 100% |  21.2 MiB/s | 195.3 KiB |  00m00s
[e2e-test/e2e-test                         ]   | [ 86/121] Installing perl-Pod-Usage-4:2 100% |   2.1 MiB/s |  87.9 KiB |  00m00s
[e2e-test/e2e-test                         ]   | [ 87/121] Installing perl-constant-0:1. 100% |   6.7 MiB/s |  27.4 KiB |  00m00s
[e2e-test/e2e-test                         ]   | [ 88/121] Installing perl-parent-1:0.24 100% |   3.6 MiB/s |  11.0 KiB |  00m00s
[e2e-test/e2e-test                         ]   | [ 89/121] Installing perl-MIME-Base64-0 100% |  13.4 MiB/s |  96.3 KiB |  00m00s
[e2e-test/e2e-test                         ]   | [ 90/121] Installing perl-File-Basename 100% |   4.7 MiB/s |  14.6 KiB |  00m00s
[e2e-test/e2e-test                         ]   | [ 91/121] Installing perl-Errno-0:1.38- 100% |   2.1 MiB/s |   8.7 KiB |  00m00s
[e2e-test/e2e-test                         ]   | [ 92/121] Installing perl-Scalar-List-U 100% |  19.1 MiB/s | 156.7 KiB |  00m00s
[e2e-test/e2e-test                         ]   | [ 93/121] Installing perl-vars-0:1.05-5 100% |   1.4 MiB/s |   4.3 KiB |  00m00s
[e2e-test/e2e-test                         ]   | [ 94/121] Installing perl-Getopt-Std-0: 100% |   2.3 MiB/s |  11.7 KiB |  00m00s
[e2e-test/e2e-test                         ]   | [ 95/121] Installing perl-overload-0:1. 100% |   6.4 MiB/s |  71.9 KiB |  00m00s
[e2e-test/e2e-test                         ]   | [ 96/121] Installing perl-Storable-1:3. 100% |  48.0 MiB/s | 245.9 KiB |  00m00s
[e2e-test/e2e-test                         ]   | [ 97/121] Installing perl-Getopt-Long-1 100% |  28.8 MiB/s | 147.2 KiB |  00m00s
[e2e-test/e2e-test                         ]   | [ 98/121] Installing perl-Exporter-0:5. 100% |  10.9 MiB/s |  55.6 KiB |  00m00s
[integration-test/integration-test-fedora-1]   | [ 72/119] hiredis-0:1.2.0-6.fc42.aarch6 100% | 217.5 KiB/s |  48.7 KiB |  00m00s
[e2e-test/e2e-test                         ]   | [ 99/121] Installing perl-Carp-0:1.54-5 100% |   5.8 MiB/s |  47.7 KiB |  00m00s
[e2e-test/e2e-test                         ]   | [100/121] Installing perl-PathTools-0:3 100% |  15.9 MiB/s | 228.6 KiB |  00m00s
[e2e-test/e2e-test                         ]   | [101/121] Installing perl-DynaLoader-0: 100% |   6.3 MiB/s |  32.5 KiB |  00m00s
[e2e-test/e2e-test                         ]   | [102/121] Installing perl-Encode-4:3.21 100% |  78.1 MiB/s |   4.8 MiB |  00m00s
[e2e-test/e2e-test                         ]   | [103/121] Installing perl-libs-4:5.40.3 100% | 111.3 MiB/s |  10.0 MiB |  00m00s
[e2e-test/e2e-test                         ]   | [104/121] Installing perl-interpreter-4 100% |   6.9 MiB/s | 176.0 KiB |  00m00s
[e2e-test/e2e-test                         ]   | [105/121] Installing perl-TermReadKey-0 100% |  35.9 MiB/s | 110.2 KiB |  00m00s
[e2e-test/e2e-test                         ]   | [106/121] Installing perl-Error-1:0.170 100% |  19.5 MiB/s |  80.0 KiB |  00m00s
[e2e-test/e2e-test                         ]   | [107/121] Installing perl-lib-0:0.65-51 100% |   4.3 MiB/s |   8.9 KiB |  00m00s
[e2e-test/e2e-test                         ]   | [108/121] Installing perl-Git-0:2.51.1- 100% |  16.0 MiB/s |  65.4 KiB |  00m00s
[e2e-test/e2e-test                         ]   | [109/121] Installing git-0:2.51.1-1.fc4 100% |   2.7 MiB/s |  57.7 KiB |  00m00s
[e2e-test/e2e-test                         ]   | [110/121] Installing xml-common-0:0.6.3 100% |  15.8 MiB/s |  81.1 KiB |  00m00s
[e2e-test/e2e-test                         ]   | [111/121] Installing oniguruma-0:6.9.10 100% |  20.3 MiB/s | 832.9 KiB |  00m00s
[integration-test/integration-test-fedora-1]   | [ 73/119] expat-0:2.7.2-1.fc42.aarch64  100% | 358.9 KiB/s | 115.2 KiB |  00m00s
[e2e-test/e2e-test                         ]   | [112/121] Installing jq-0:1.7.1-11.fc42 100% |  10.2 MiB/s | 468.8 KiB |  00m00s
[integration-test/integration-test-fedora-1]   | [ 74/119] perl-libs-4:5.40.3-519.fc42.a 100% |   1.1 MiB/s |   2.3 MiB |  00m02s
[integration-test/integration-test-fedora-2] exitcode '127': command not found, please refer to https://github.com/nektos/act/issues/107 for more information
[integration-test/integration-test-fedora-1]   | [ 75/119] less-0:679-1.fc42.aarch64     100% | 351.3 KiB/s | 194.6 KiB |  00m01s
[integration-test/integration-test-fedora-1]   | [ 76/119] openssh-clients-0:9.9p1-11.fc 100% |   1.4 MiB/s | 755.0 KiB |  00m01s
[integration-test/integration-test-fedora-1]   | [ 77/119] libfido2-0:1.15.0-3.fc42.aarc 100% | 414.3 KiB/s |  96.1 KiB |  00m00s
[integration-test/integration-test-fedora-1]   | [ 78/119] openssh-0:9.9p1-11.fc42.aarch 100% |   1.4 MiB/s | 348.2 KiB |  00m00s
[integration-test/integration-test-fedora-1]   | [ 79/119] libcbor-0:0.11.0-3.fc42.aarch 100% | 420.4 KiB/s |  32.4 KiB |  00m00s
[unit-test/unit-test                       ]   | Successfully cached go to /opt/hostedtoolcache/go/1.24.9/arm64
[unit-test/unit-test                       ]   | Added go to the path
[unit-test/unit-test                       ]   | Successfully set up Go version 1.24.9
[integration-test/integration-test-fedora-1]   | [ 80/119] gh-0:2.79.0-1.fc42.aarch64    100% |   2.7 MiB/s |  12.9 MiB |  00m05s
[integration-test/integration-test-fedora-1]   | [ 81/119] libfdisk-0:2.40.4-7.fc42.aarc 100% | 717.4 KiB/s | 151.4 KiB |  00m00s
[integration-test/integration-test-fedora-1]   | [ 82/119] perl-File-Basename-0:2.86-519 100% | 232.7 KiB/s |  17.0 KiB |  00m00s
[integration-test/integration-test-fedora-1]   | [ 83/119] perl-lib-0:0.65-519.fc42.aarc 100% | 125.0 KiB/s |  14.7 KiB |  00m00s
[integration-test/integration-test-fedora-1]   | [ 84/119] perl-IPC-Open3-0:1.22-519.fc4 100% | 116.6 KiB/s |  21.7 KiB |  00m00s
[integration-test/integration-test-fedora-1]   | [ 85/119] libusb1-0:1.0.29-4.fc42.aarch 100% |   1.2 MiB/s |  77.5 KiB |  00m00s
[integration-test/integration-test-fedora-1]   | [ 86/119] util-linux-0:2.40.4-7.fc42.aa 100% |   2.3 MiB/s |   1.1 MiB |  00m01s
[integration-test/integration-test-fedora-1]   | [ 87/119] perl-Fcntl-0:1.18-519.fc42.aa 100% | 486.4 KiB/s |  29.7 KiB |  00m00s
[integration-test/integration-test-fedora-1]   | [ 88/119] perl-IO-0:1.55-519.fc42.aarch 100% |   1.2 MiB/s |  81.7 KiB |  00m00s
[unit-test/unit-test                       ]   | [command]/opt/hostedtoolcache/go/1.24.9/arm64/bin/go env GOMODCACHE
[integration-test/integration-test-fedora-1]   | [ 89/119] perl-FileHandle-0:2.05-519.fc 100% | 134.5 KiB/s |  15.3 KiB |  00m00s
[unit-test/unit-test                       ]   | [command]/opt/hostedtoolcache/go/1.24.9/arm64/bin/go env GOCACHE
[unit-test/unit-test                       ]   | /root/go/pkg/mod
[unit-test/unit-test                       ]   | /root/.cache/go-build
[integration-test/integration-test-fedora-1]   | [ 90/119] perl-Symbol-0:1.09-519.fc42.n 100% | 189.7 KiB/s |  14.0 KiB |  00m00s
[OSV-Scanner/OSV-Scanner PR Scanning/osv-scan]   ✅  Success - Main actions/checkout@08c6903cd8c0fde910a37f88322edcfb5dd907a8 [4.820505s]
[integration-test/integration-test-fedora-1]   | [ 91/119] perl-POSIX-0:2.20-519.fc42.aa 100% | 393.9 KiB/s |  97.3 KiB |  00m00s
[unit-test/unit-test                       ]   | Cache is not found
[unit-test/unit-test                       ]   ❓ add-matcher /run/act/actions/actions-setup-go@44694675825211faa026b3c33043df3e48a5fa00/matchers.json
[unit-test/unit-test                       ]   | go version go1.24.9 linux/arm64
[unit-test/unit-test                       ]   |
[unit-test/unit-test                       ]   ❓  ::group::go env
[unit-test/unit-test                       ]   | AR='ar'
[unit-test/unit-test                       ]   | CC='gcc'
[unit-test/unit-test                       ]   | CGO_CFLAGS='-O2 -g'
[unit-test/unit-test                       ]   | CGO_CPPFLAGS=''
[unit-test/unit-test                       ]   | CGO_CXXFLAGS='-O2 -g'
[unit-test/unit-test                       ]   | CGO_ENABLED='0'
[unit-test/unit-test                       ]   | CGO_FFLAGS='-O2 -g'
[unit-test/unit-test                       ]   | CGO_LDFLAGS='-O2 -g'
[unit-test/unit-test                       ]   | CXX='g++'
[unit-test/unit-test                       ]   | GCCGO='gccgo'
[unit-test/unit-test                       ]   | GO111MODULE=''
[unit-test/unit-test                       ]   | GOARCH='arm64'
[unit-test/unit-test                       ]   | GOARM64='v8.0'
[unit-test/unit-test                       ]   | GOAUTH='netrc'
[unit-test/unit-test                       ]   | GOBIN=''
[unit-test/unit-test                       ]   | GOCACHE='/root/.cache/go-build'
[unit-test/unit-test                       ]   | GOCACHEPROG=''
[unit-test/unit-test                       ]   | GODEBUG=''
[unit-test/unit-test                       ]   | GOENV='/root/.config/go/env'
[unit-test/unit-test                       ]   | GOEXE=''
[unit-test/unit-test                       ]   | GOEXPERIMENT=''
[unit-test/unit-test                       ]   | GOFIPS140='off'
[unit-test/unit-test                       ]   | GOFLAGS=''
[unit-test/unit-test                       ]   | GOGCCFLAGS='-fPIC -fno-caret-diagnostics -Qunused-arguments -Wl,--no-gc-sections -fmessage-length=0 -ffile-prefix-map=/tmp/go-build2283711873=/tmp/go-build -gno-record-gcc-switches'
[unit-test/unit-test                       ]   | GOHOSTARCH='arm64'
[unit-test/unit-test                       ]   | GOHOSTOS='linux'
[unit-test/unit-test                       ]   | GOINSECURE=''
[unit-test/unit-test                       ]   | GOMOD='/Users/sonu/GitHub/complyctl/go.mod'
[unit-test/unit-test                       ]   | GOMODCACHE='/root/go/pkg/mod'
[unit-test/unit-test                       ]   | GONOPROXY=''
[unit-test/unit-test                       ]   | GONOSUMDB=''
[unit-test/unit-test                       ]   | GOOS='linux'
[unit-test/unit-test                       ]   | GOPATH='/root/go'
[unit-test/unit-test                       ]   | GOPRIVATE=''
[unit-test/unit-test                       ]   | GOPROXY='https://proxy.golang.org,direct'
[unit-test/unit-test                       ]   | GOROOT='/opt/hostedtoolcache/go/1.24.9/arm64'
[unit-test/unit-test                       ]   | GOSUMDB='sum.golang.org'
[unit-test/unit-test                       ]   | GOTELEMETRY='local'
[unit-test/unit-test                       ]   | GOTELEMETRYDIR='/root/.config/go/telemetry'
[unit-test/unit-test                       ]   | GOTMPDIR=''
[unit-test/unit-test                       ]   | GOTOOLCHAIN='local'
[unit-test/unit-test                       ]   | GOTOOLDIR='/opt/hostedtoolcache/go/1.24.9/arm64/pkg/tool/linux_arm64'
[unit-test/unit-test                       ]   | GOVCS=''
[unit-test/unit-test                       ]   | GOVERSION='go1.24.9'
[unit-test/unit-test                       ]   | GOWORK=''
[unit-test/unit-test                       ]   | PKG_CONFIG='pkg-config'
[unit-test/unit-test                       ]   |
[unit-test/unit-test                       ]   ❓  ::endgroup::
[integration-test/integration-test-fedora-1]   | [ 92/119] perl-base-0:2.27-519.fc42.noa 100% | 271.9 KiB/s |  16.0 KiB |  00m00s
[unit-test/unit-test                       ]   ✅  Success - Main Set up Go [27.438929459s]
[integration-test/integration-test-fedora-1]   | [ 93/119] perl-DynaLoader-0:1.56-519.fc 100% | 438.0 KiB/s |  25.8 KiB |  00m00s
[integration-test/integration-test-fedora-1]   | [ 94/119] perl-overload-0:1.37-519.fc42 100% | 391.1 KiB/s |  45.4 KiB |  00m00s
[integration-test/integration-test-fedora-1]   | [ 95/119] perl-vars-0:1.05-519.fc42.noa 100% |  84.4 KiB/s |  12.8 KiB |  00m00s
[integration-test/integration-test-fedora-1]   | [ 96/119] perl-Scalar-List-Utils-5:1.70 100% | 228.8 KiB/s |  72.8 KiB |  00m00s
[integration-test/integration-test-fedora-1]   | [ 97/119] perl-if-0:0.61.000-519.fc42.n 100% | 101.7 KiB/s |  13.8 KiB |  00m00s
[unit-test/unit-test                       ]   ⚙  ::set-env:: GOTOOLCHAIN=local
[integration-test/integration-test-fedora-1]   | [ 98/119] perl-AutoLoader-0:5.74-519.fc 100% | 357.0 KiB/s |  21.1 KiB |  00m00s
[integration-test/integration-test-fedora-1]   | [ 99/119] perl-Getopt-Std-0:1.14-519.fc 100% | 267.5 KiB/s |  15.5 KiB |  00m00s
[Standardized CI/Reusable CI/Run linters]   |
[Standardized CI/Reusable CI/Run linters]   | added 101 packages, and audited 102 packages in 11s
[Standardized CI/Reusable CI/Run linters]   |
[Standardized CI/Reusable CI/Run linters]   | 20 packages are looking for funding
[Standardized CI/Reusable CI/Run linters]   |   run `npm fund` for details
[Standardized CI/Reusable CI/Run linters]   |
[Standardized CI/Reusable CI/Run linters]   | found 0 vulnerabilities
[unit-test/unit-test                       ]   ⚙  ::set-output:: cache-hit=false
[unit-test/unit-test                       ]   ⚙  ::set-output:: go-version=1.24.9
[integration-test/integration-test-fedora-1]   | [100/119] protobuf-c-0:1.5.1-1.fc42.aar 100% | 107.3 KiB/s |  31.6 KiB |  00m00s
[integration-test/integration-test-fedora-1]   | [101/119] perl-B-0:1.89-519.fc42.aarch6 100% | 492.0 KiB/s | 176.6 KiB |  00m00s
[Standardized CI/Reusable CI/Run linters]   ✅  Success - Main Install Dependencies [11.986422792s]
[integration-test/integration-test-fedora-1]   | [102/119] libb2-0:0.98.1-13.fc42.aarch6 100% | 174.2 KiB/s |  26.0 KiB |  00m00s
[unit-test/unit-test                       ]   ⚙  ::add-path:: /opt/hostedtoolcache/go/1.24.9/arm64/bin
[unit-test/unit-test                       ]   ⚙  ::add-path:: /root/go/bin
[integration-test/integration-test-fedora-1]   | [103/119] mpdecimal-0:4.0.1-1.fc42.aarc 100% | 338.4 KiB/s |  95.8 KiB |  00m00s
[integration-test/integration-test-fedora-1]   | [104/119] perl-mro-0:1.29-519.fc42.aarc 100% | 259.4 KiB/s |  29.3 KiB |  00m00s
[integration-test/integration-test-fedora-1]   | [105/119] perl-overloading-0:0.02-519.f 100% | 219.6 KiB/s |  12.7 KiB |  00m00s
[integration-test/integration-test-fedora-1]   | [106/119] perl-locale-0:1.12-519.fc42.n 100% | 224.3 KiB/s |  13.5 KiB |  00m00s
[unit-test/unit-test                       ] ⭐ Run Main Install dependencies
[integration-test/integration-test-fedora-1]   | [107/119] perl-File-stat-0:1.14-519.fc4 100% |  94.8 KiB/s |  16.9 KiB |  00m00s
[OSV-Scanner/OSV-Scanner PR Scanning/osv-scan] ⭐ Run Main Checkout target branch
[integration-test/integration-test-fedora-1]   | [108/119] perl-SelectSaver-0:1.02-519.f 100% | 195.8 KiB/s |  11.6 KiB |  00m00s
[integration-test/integration-test-fedora-1]   | [109/119] perl-Class-Struct-0:0.68-519. 100% | 365.1 KiB/s |  21.9 KiB |  00m00s
[Standardized CI/Reusable CI/Run linters] ⭐ Run Main Validate PR Title
[e2e-test/e2e-test                         ]   | [113/121] Installing scap-security-guid 100% | 209.5 MiB/s | 636.2 MiB |  00m03s
[e2e-test/e2e-test                         ]   | [114/121] Installing perl-NDBM_File-0:1 100% |  14.4 MiB/s |  73.6 KiB |  00m00s
[e2e-test/e2e-test                         ]   | [115/121] Installing wget2-wget-0:2.2.0 100% |  21.7 KiB/s | 444.0   B |  00m00s
[OSV-Scanner/OSV-Scanner PR Scanning/osv-scan]   🐳  docker exec cmd=[bash -e /var/run/act/workflow/1] user= workdir=
[e2e-test/e2e-test                         ]   | [116/121] Installing unbound-anchor-0:1 100% |   2.4 MiB/s |  75.0 KiB |  00m00s
[OSV-Scanner/OSV-Scanner PR Scanning/osv-scan]   | /var/run/act/workflow/1: line 2: git: command not found
[integration-test/integration-test-fedora-1]   | [110/119] libedit-0:3.1-56.20251016cvs. 100% | 623.6 KiB/s | 104.1 KiB |  00m00s
[unit-test/unit-test                       ]   🐳  docker exec cmd=[bash -e /var/run/act/workflow/2] user= workdir=
[OSV-Scanner/OSV-Scanner PR Scanning/osv-scan]   ❌  Failure - Main Checkout target branch [317.026833ms]
[unit-test/unit-test                       ]   | go: downloading github.com/hashicorp/go-hclog v1.6.3
[unit-test/unit-test                       ]   | go: downloading github.com/hashicorp/go-plugin v1.7.0
[unit-test/unit-test                       ]   | go: downloading github.com/oscal-compass/compliance-to-policy-go/v2 v2.0.0-rc.1
[unit-test/unit-test                       ]   | go: downloading github.com/stretchr/testify v1.11.1
[Standardized CI/Reusable CI/Run linters]   🐳  docker exec cmd=[bash -e /var/run/act/workflow/2] user= workdir=
[unit-test/unit-test                       ]   | go: downloading github.com/spf13/pflag v1.0.10
[unit-test/unit-test                       ]   | go: downloading github.com/ComplianceAsCode/compliance-operator v1.7.0
[unit-test/unit-test                       ]   | go: downloading github.com/antchfx/xmlquery v1.5.0
[unit-test/unit-test                       ]   | go: downloading github.com/oscal-compass/oscal-sdk-go v0.0.9
[unit-test/unit-test                       ]   | go: downloading github.com/charmbracelet/bubbles v0.21.0
[unit-test/unit-test                       ]   | go: downloading github.com/charmbracelet/bubbletea v1.3.10
[unit-test/unit-test                       ]   | go: downloading github.com/charmbracelet/lipgloss v1.1.0
[integration-test/integration-test-fedora-1]   | [111/119] python-pip-wheel-0:24.3.1-5.f 100% |   1.1 MiB/s |   1.2 MiB |  00m01s
[integration-test/integration-test-fedora-1]   | [112/119] pinentry-0:1.3.1-3.fc42.aarch 100% | 378.1 KiB/s | 110.0 KiB |  00m00s
[unit-test/unit-test                       ]   | go: downloading github.com/charmbracelet/log v0.4.2
[unit-test/unit-test                       ]   | go: downloading github.com/defenseunicorns/go-oscal v0.7.0
[unit-test/unit-test                       ]   | go: downloading github.com/adrg/xdg v0.5.3
[unit-test/unit-test                       ]   | go: downloading github.com/goccy/go-yaml v1.18.0
[unit-test/unit-test                       ]   | go: downloading github.com/spf13/cobra v1.10.1
[e2e-test/e2e-test                         ]   | [117/121] Installing gh-0:2.79.0-1.fc42 100% | 121.6 MiB/s |  52.1 MiB |  00m00s
[integration-test/integration-test-fedora-1]   | [113/119] perl-NDBM_File-0:1.17-519.fc4 100% | 192.9 KiB/s |  22.2 KiB |  00m00s
[e2e-test/e2e-test                         ]   | [118/121] Installing gnupg2-smime-0:2.4 100% |  23.9 MiB/s | 611.2 KiB |  00m00s
[e2e-test/e2e-test                         ]   | [119/121] Installing python-unversioned 100% |  15.9 KiB/s | 424.0   B |  00m00s
[e2e-test/e2e-test                         ]   | [120/121] Installing pinentry-0:1.3.1-3 100% |   6.8 MiB/s | 252.1 KiB |  00m00s
[integration-test/integration-test-fedora-1]   | [114/119] unbound-anchor-0:1.24.1-1.fc4 100% | 324.2 KiB/s |  37.9 KiB |  00m00s
[unit-test/unit-test                       ]   | go: github.com/complytime/complyctl/cmd/complyctl/cli imports
[unit-test/unit-test                       ]   | 	github.com/charmbracelet/bubbles/table: github.com/charmbracelet/bubbles@v0.21.0: Get "https://proxy.golang.org/github.com/charmbracelet/bubbles/@v/v0.21.0.zip": tls: failed to verify certificate: x509: certificate signed by unknown authority
[unit-test/unit-test                       ]   | go: github.com/complytime/complyctl/cmd/complyctl/cli imports
[unit-test/unit-test                       ]   | 	github.com/charmbracelet/bubbletea: github.com/charmbracelet/bubbletea@v1.3.10: Get "https://proxy.golang.org/github.com/charmbracelet/bubbletea/@v/v1.3.10.zip": tls: failed to verify certificate: x509: certificate signed by unknown authority
[unit-test/unit-test                       ]   | go: github.com/complytime/complyctl/cmd/complyctl/cli imports
[unit-test/unit-test                       ]   | 	github.com/charmbracelet/lipgloss: github.com/charmbracelet/lipgloss@v1.1.0: Get "https://proxy.golang.org/github.com/charmbracelet/lipgloss/@v/v1.1.0.zip": tls: failed to verify certificate: x509: certificate signed by unknown authority
[unit-test/unit-test                       ]   | go: github.com/complytime/complyctl/cmd/complyctl/cli imports
[unit-test/unit-test                       ]   | 	github.com/defenseunicorns/go-oscal/src/types/oscal-1-1-3: github.com/defenseunicorns/go-oscal@v0.7.0: Get "https://proxy.golang.org/github.com/defenseunicorns/go-oscal/@v/v0.7.0.zip": tls: failed to verify certificate: x509: certificate signed by unknown authority
[unit-test/unit-test                       ]   | go: github.com/complytime/complyctl/cmd/complyctl/cli imports
[unit-test/unit-test                       ]   | 	github.com/goccy/go-yaml: github.com/goccy/go-yaml@v1.18.0: Get "https://proxy.golang.org/github.com/goccy/go-yaml/@v/v1.18.0.zip": tls: failed to verify certificate: x509: certificate signed by unknown authority
[unit-test/unit-test                       ]   | go: github.com/complytime/complyctl/cmd/complyctl/cli imports
[unit-test/unit-test                       ]   | 	github.com/hashicorp/go-hclog: github.com/hashicorp/go-hclog@v1.6.3: Get "https://proxy.golang.org/github.com/hashicorp/go-hclog/@v/v1.6.3.zip": tls: failed to verify certificate: x509: certificate signed by unknown authority
[unit-test/unit-test                       ]   | go: github.com/complytime/complyctl/cmd/complyctl/cli imports
[unit-test/unit-test                       ]   | 	github.com/oscal-compass/compliance-to-policy-go/v2/framework: github.com/oscal-compass/compliance-to-policy-go/v2@v2.0.0-rc.1: Get "https://proxy.golang.org/github.com/oscal-compass/compliance-to-policy-go/v2/@v/v2.0.0-rc.1.zip": tls: failed to verify certificate: x509: certificate signed by unknown authority
[unit-test/unit-test                       ]   | go: github.com/complytime/complyctl/cmd/complyctl/cli imports
[unit-test/unit-test                       ]   | 	github.com/oscal-compass/compliance-to-policy-go/v2/framework/actions: github.com/oscal-compass/compliance-to-policy-go/v2@v2.0.0-rc.1: Get "https://proxy.golang.org/github.com/oscal-compass/compliance-to-policy-go/v2/@v/v2.0.0-rc.1.zip": tls: failed to verify certificate: x509: certificate signed by unknown authority
[unit-test/unit-test                       ]   | go: github.com/complytime/complyctl/cmd/complyctl/cli imports
[unit-test/unit-test                       ]   | 	github.com/oscal-compass/oscal-sdk-go/extensions: github.com/oscal-compass/oscal-sdk-go@v0.0.9: Get "https://proxy.golang.org/github.com/oscal-compass/oscal-sdk-go/@v/v0.0.9.zip": tls: failed to verify certificate: x509: certificate signed by unknown authority
[unit-test/unit-test                       ]   | go: github.com/complytime/complyctl/cmd/complyctl/cli imports
[unit-test/unit-test                       ]   | 	github.com/oscal-compass/oscal-sdk-go/models/components: github.com/oscal-compass/oscal-sdk-go@v0.0.9: Get "https://proxy.golang.org/github.com/oscal-compass/oscal-sdk-go/@v/v0.0.9.zip": tls: failed to verify certificate: x509: certificate signed by unknown authority
[unit-test/unit-test                       ]   | go: github.com/complytime/complyctl/cmd/complyctl/cli imports
[unit-test/unit-test                       ]   | 	github.com/oscal-compass/oscal-sdk-go/settings: github.com/oscal-compass/oscal-sdk-go@v0.0.9: Get "https://proxy.golang.org/github.com/oscal-compass/oscal-sdk-go/@v/v0.0.9.zip": tls: failed to verify certificate: x509: certificate signed by unknown authority
[unit-test/unit-test                       ]   | go: github.com/complytime/complyctl/cmd/complyctl/cli imports
[unit-test/unit-test                       ]   | 	github.com/oscal-compass/oscal-sdk-go/transformers: github.com/oscal-compass/oscal-sdk-go@v0.0.9: Get "https://proxy.golang.org/github.com/oscal-compass/oscal-sdk-go/@v/v0.0.9.zip": tls: failed to verify certificate: x509: certificate signed by unknown authority
[unit-test/unit-test                       ]   | go: github.com/complytime/complyctl/cmd/complyctl/cli imports
[unit-test/unit-test                       ]   | 	github.com/oscal-compass/oscal-sdk-go/validation: github.com/oscal-compass/oscal-sdk-go@v0.0.9: Get "https://proxy.golang.org/github.com/oscal-compass/oscal-sdk-go/@v/v0.0.9.zip": tls: failed to verify certificate: x509: certificate signed by unknown authority
[unit-test/unit-test                       ]   | go: github.com/complytime/complyctl/cmd/complyctl/cli imports
[unit-test/unit-test                       ]   | 	github.com/spf13/cobra: github.com/spf13/cobra@v1.10.1: Get "https://proxy.golang.org/github.com/spf13/cobra/@v/v1.10.1.zip": tls: failed to verify certificate: x509: certificate signed by unknown authority
[unit-test/unit-test                       ]   | go: github.com/complytime/complyctl/cmd/complyctl/option imports
[unit-test/unit-test                       ]   | 	github.com/spf13/pflag: github.com/spf13/pflag@v1.0.10: Get "https://proxy.golang.org/github.com/spf13/pflag/@v/v1.0.10.zip": tls: failed to verify certificate: x509: certificate signed by unknown authority
[unit-test/unit-test                       ]   | go: github.com/complytime/complyctl/cmd/openscap-plugin imports
[unit-test/unit-test                       ]   | 	github.com/hashicorp/go-plugin: github.com/hashicorp/go-plugin@v1.7.0: Get "https://proxy.golang.org/github.com/hashicorp/go-plugin/@v/v1.7.0.zip": tls: failed to verify certificate: x509: certificate signed by unknown authority
[unit-test/unit-test                       ]   | go: github.com/complytime/complyctl/cmd/openscap-plugin imports
[unit-test/unit-test                       ]   | 	github.com/oscal-compass/compliance-to-policy-go/v2/plugin: github.com/oscal-compass/compliance-to-policy-go/v2@v2.0.0-rc.1: Get "https://proxy.golang.org/github.com/oscal-compass/compliance-to-policy-go/v2/@v/v2.0.0-rc.1.zip": tls: failed to verify certificate: x509: certificate signed by unknown authority
[unit-test/unit-test                       ]   | go: github.com/complytime/complyctl/cmd/openscap-plugin/server imports
[unit-test/unit-test                       ]   | 	github.com/ComplianceAsCode/compliance-operator/pkg/utils: github.com/ComplianceAsCode/compliance-operator@v1.7.0: Get "https://proxy.golang.org/github.com/%21compliance%21as%21code/compliance-operator/@v/v1.7.0.zip": tls: failed to verify certificate: x509: certificate signed by unknown authority
[unit-test/unit-test                       ]   | go: github.com/complytime/complyctl/cmd/openscap-plugin/server imports
[unit-test/unit-test                       ]   | 	github.com/antchfx/xmlquery: github.com/antchfx/xmlquery@v1.5.0: Get "https://proxy.golang.org/github.com/antchfx/xmlquery/@v/v1.5.0.zip": tls: failed to verify certificate: x509: certificate signed by unknown authority
[unit-test/unit-test                       ]   | go: github.com/complytime/complyctl/cmd/openscap-plugin/server imports
[unit-test/unit-test                       ]   | 	github.com/oscal-compass/compliance-to-policy-go/v2/policy: github.com/oscal-compass/compliance-to-policy-go/v2@v2.0.0-rc.1: Get "https://proxy.golang.org/github.com/oscal-compass/compliance-to-policy-go/v2/@v/v2.0.0-rc.1.zip": tls: failed to verify certificate: x509: certificate signed by unknown authority
[unit-test/unit-test                       ]   | go: github.com/complytime/complyctl/cmd/openscap-plugin/xccdf imports
[unit-test/unit-test                       ]   | 	github.com/ComplianceAsCode/compliance-operator/pkg/xccdf: github.com/ComplianceAsCode/compliance-operator@v1.7.0: Get "https://proxy.golang.org/github.com/%21compliance%21as%21code/compliance-operator/@v/v1.7.0.zip": tls: failed to verify certificate: x509: certificate signed by unknown authority
[unit-test/unit-test                       ]   | go: github.com/complytime/complyctl/internal/complytime imports
[unit-test/unit-test                       ]   | 	github.com/adrg/xdg: github.com/adrg/xdg@v0.5.3: Get "https://proxy.golang.org/github.com/adrg/xdg/@v/v0.5.3.zip": tls: failed to verify certificate: x509: certificate signed by unknown authority
[unit-test/unit-test                       ]   | go: github.com/complytime/complyctl/internal/complytime imports
[unit-test/unit-test                       ]   | 	github.com/oscal-compass/oscal-sdk-go/models: github.com/oscal-compass/oscal-sdk-go@v0.0.9: Get "https://proxy.golang.org/github.com/oscal-compass/oscal-sdk-go/@v/v0.0.9.zip": tls: failed to verify certificate: x509: certificate signed by unknown authority
[unit-test/unit-test                       ]   | go: github.com/complytime/complyctl/pkg/log imports
[unit-test/unit-test                       ]   | 	github.com/charmbracelet/log: github.com/charmbracelet/log@v0.4.2: Get "https://proxy.golang.org/github.com/charmbracelet/log/@v/v0.4.2.zip": tls: failed to verify certificate: x509: certificate signed by unknown authority
[unit-test/unit-test                       ]   | go: github.com/complytime/complyctl/cmd/complyctl/cli tested by
[unit-test/unit-test                       ]   | 	github.com/complytime/complyctl/cmd/complyctl/cli.test imports
[unit-test/unit-test                       ]   | 	github.com/stretchr/testify/require: github.com/stretchr/testify@v1.11.1: Get "https://proxy.golang.org/github.com/stretchr/testify/@v/v1.11.1.zip": tls: failed to verify certificate: x509: certificate signed by unknown authority
[unit-test/unit-test                       ]   | go: github.com/complytime/complyctl/cmd/openscap-plugin/server tested by
[unit-test/unit-test                       ]   | 	github.com/complytime/complyctl/cmd/openscap-plugin/server.test imports
[unit-test/unit-test                       ]   | 	github.com/stretchr/testify/assert: github.com/stretchr/testify@v1.11.1: Get "https://proxy.golang.org/github.com/stretchr/testify/@v/v1.11.1.zip": tls: failed to verify certificate: x509: certificate signed by unknown authority
[unit-test/unit-test                       ]   ❌  Failure - Main Install dependencies [869.019417ms]
[OSV-Scanner/OSV-Scanner PR Scanning/osv-scan] exitcode '127': command not found, please refer to https://github.com/nektos/act/issues/107 for more information
[integration-test/integration-test-fedora-1]   | [115/119] gnupg2-smime-0:2.4.7-2.fc42.a 100% | 554.5 KiB/s | 252.3 KiB |  00m00s
[integration-test/integration-test-fedora-1]   | [116/119] python3-0:3.13.9-1.fc42.aarch 100% |  60.0 KiB/s |  30.9 KiB |  00m01s
[integration-test/integration-test-fedora-1]   | [117/119] libsecret-0:0.21.7-4.fc42.aar 100% | 647.6 KiB/s | 193.0 KiB |  00m00s
[e2e-test/e2e-test                         ]   | [121/121] Installing make-1:4.4.1-10.fc 100% |   3.0 MiB/s |   1.9 MiB |  00m01s
[e2e-test/e2e-test                         ]   | Complete!
[integration-test/integration-test-fedora-1]   | [118/119] python-unversioned-command-0: 100% | 232.1 KiB/s |  13.0 KiB |  00m00s
[e2e-test/e2e-test                         ]   ✅  Success - Main Install dependency [29.39240025s]
[Standardized CI/Reusable CI/Run linters]   | @commitlint/cli@20.1.0 - Lint your commit messages
[Standardized CI/Reusable CI/Run linters]   |
[Standardized CI/Reusable CI/Run linters]   | [input] reads from stdin if --edit, --env, --from and --to are omitted
[Standardized CI/Reusable CI/Run linters]   |
[Standardized CI/Reusable CI/Run linters]   | Options:
[Standardized CI/Reusable CI/Run linters]   |   -c, --color          toggle colored output  [boolean] [default: true]
[Standardized CI/Reusable CI/Run linters]   |   -g, --config         path to the config file; result code 9 if config is missing  [string]
[Standardized CI/Reusable CI/Run linters]   |       --print-config   print resolved config  [string] [choices: "", "text", "json"]
[Standardized CI/Reusable CI/Run linters]   |   -d, --cwd            directory to execute in  [string] [default: (Working Directory)]
[Standardized CI/Reusable CI/Run linters]   |   -e, --edit           read last commit message from the specified file or fallbacks to ./.git/COMMIT_EDITMSG  [string]
[Standardized CI/Reusable CI/Run linters]   |   -E, --env            check message in the file at path given by environment variable value  [string]
[Standardized CI/Reusable CI/Run linters]   |   -x, --extends        array of shareable configurations to extend  [array]
[Standardized CI/Reusable CI/Run linters]   |   -H, --help-url       help url in error message  [string]
[Standardized CI/Reusable CI/Run linters]   |   -f, --from           lower end of the commit range to lint; applies if edit=false  [string]
[Standardized CI/Reusable CI/Run linters]   |       --from-last-tag  uses the last tag as the lower end of the commit range to lint; applies if edit=false and from is not set  [boolean]
[Standardized CI/Reusable CI/Run linters]   |       --git-log-args   additional git log arguments as space separated string, example '--first-parent --cherry-pick'  [string]
[Standardized CI/Reusable CI/Run linters]   |   -l, --last           just analyze the last commit; applies if edit=false  [boolean]
[Standardized CI/Reusable CI/Run linters]   |   -o, --format         output format of the results  [string]
[Standardized CI/Reusable CI/Run linters]   |   -p, --parser-preset  configuration preset to use for conventional-commits-parser  [string]
[Standardized CI/Reusable CI/Run linters]   |   -q, --quiet          toggle console output  [boolean] [default: false]
[Standardized CI/Reusable CI/Run linters]   |   -t, --to             upper end of the commit range to lint; applies if edit=false  [string]
[Standardized CI/Reusable CI/Run linters]   |   -V, --verbose        enable verbose output for reports without problems  [boolean]
[Standardized CI/Reusable CI/Run linters]   |   -s, --strict         enable strict mode; result code 2 for warnings, 3 for errors  [boolean]
[Standardized CI/Reusable CI/Run linters]   |       --options        path to a JSON file or Common.js module containing CLI options
[Standardized CI/Reusable CI/Run linters]   |   -v, --version        display version information  [boolean]
[Standardized CI/Reusable CI/Run linters]   |   -h, --help           Show help  [boolean]
[Standardized CI/Reusable CI/Run linters]   | [input] is required: supply via stdin, or --env or --edit or --last or --from and --to
[Standardized CI/Reusable CI/Run linters]   ❌  Failure - Main Validate PR Title [1.360215709s]
[unit-test/unit-test                       ] exitcode '1': failure
[Standardized CI/Reusable CI/Run linters] exitcode '1': failure
[e2e-test/e2e-test                         ] ⭐ Run Main Configure Git for safe directory
[unit-test/unit-test                       ] ⭐ Run Complete job
[Standardized CI/Reusable CI/Run linters] ⭐ Run Complete job
[unit-test/unit-test                       ]   ✅  Success - Complete job
[unit-test/unit-test                       ] 🏁  Job failed
[Standardized CI/Reusable CI/Run linters]   ✅  Success - Complete job
[Standardized CI/Reusable CI/Run linters] 🏁  Job failed
[e2e-test/e2e-test                         ]   🐳  docker exec cmd=[bash --noprofile --norc -e -o pipefail /var/run/act/workflow/1-composite-1.sh] user= workdir=
[e2e-test/e2e-test                         ]   ✅  Success - Main Configure Git for safe directory [249.716291ms]
[OSV-Scanner/OSV-Scanner PR Scanning/osv-scan] ⭐ Run Main Upload artifact
[OSV-Scanner/OSV-Scanner PR Scanning/osv-scan]   🐳  docker cp src=/Users/sonu/.cache/act/actions-upload-artifact@ea165f8d65b6e75b540449e92b4886f43607fa02/ dst=/var/run/act/actions/actions-upload-artifact@ea165f8d65b6e75b540449e92b4886f43607fa02/
[e2e-test/e2e-test                         ]   ☁  git clone 'https://github.com/actions/setup-go' # ref=44694675825211faa026b3c33043df3e48a5fa00
[integration-test/integration-test-fedora-2] ⭐ Run Post Setup compyctl
[e2e-test/e2e-test                         ] Non-terminating error while running 'git clone': some refs were not updated
[OSV-Scanner/OSV-Scanner PR Scanning/osv-scan]   🐳  docker exec cmd=[/usr/local/bin/node /var/run/act/actions/actions-upload-artifact@ea165f8d65b6e75b540449e92b4886f43607fa02/dist/upload/index.js] user= workdir=
[integration-test/integration-test-fedora-2]   ✅  Success - Post Setup compyctl [169.664166ms]
[e2e-test/e2e-test                         ] ⭐ Run Main Set up Go
[e2e-test/e2e-test                         ]   🐳  docker cp src=/Users/sonu/.cache/act/actions-setup-go@44694675825211faa026b3c33043df3e48a5fa00/ dst=/var/run/act/actions/actions-setup-go@44694675825211faa026b3c33043df3e48a5fa00/
[OSV-Scanner/OSV-Scanner PR Scanning/osv-scan]   🚧  ::warning::No files were found with the provided path: results.sarif. No artifacts will be uploaded.
[OSV-Scanner/OSV-Scanner PR Scanning/osv-scan]   ✅  Success - Main Upload artifact [1.051061334s]
[integration-test/integration-test-fedora-1]   | [119/119] python3-libs-0:3.13.9-1.fc42. 100% |   2.0 MiB/s |   9.1 MiB |  00m05s
[integration-test/integration-test-fedora-1]   | --------------------------------------------------------------------------------
[integration-test/integration-test-fedora-1]   | [119/119] Total                         100% |   3.9 MiB/s |  67.0 MiB |  00m17s
[integration-test/integration-test-fedora-1]   | Running transaction
[integration-test/integration-test-fedora-2] ⭐ Run Complete job
[integration-test/integration-test-fedora-2]   ✅  Success - Complete job
[integration-test/integration-test-fedora-2] 🏁  Job failed
[e2e-test/e2e-test                         ]   🐳  docker exec cmd=[node /var/run/act/actions/actions-setup-go@44694675825211faa026b3c33043df3e48a5fa00/dist/setup/index.js] user= workdir=
[e2e-test/e2e-test                         ]   | Error: crun: executable file `node` not found in $PATH: No such file or directory: OCI runtime attempted to invoke a command that was not found
[e2e-test/e2e-test                         ]   | Error: read unixpacket @->/proc/self/fd/13/attach: read: connection reset by peer
[e2e-test/e2e-test                         ]   ❌  Failure - Main Set up Go [627.340583ms]
[OSV-Scanner/OSV-Scanner PR Scanning/osv-scan] ⭐ Run Main Upload old scan json results
[e2e-test/e2e-test                         ] exitcode '127': command not found, please refer to https://github.com/nektos/act/issues/107 for more information
[OSV-Scanner/OSV-Scanner PR Scanning/osv-scan]   🐳  docker cp src=/Users/sonu/.cache/act/actions-upload-artifact@ea165f8d65b6e75b540449e92b4886f43607fa02/ dst=/var/run/act/actions/actions-upload-artifact@ea165f8d65b6e75b540449e92b4886f43607fa02/
[e2e-test/e2e-test                         ]   ❌  Failure - Main Setup compyctl [32.990129583s]
[integration-test/integration-test-fedora-1]   | [  1/121] Verify package files          100% | 550.0   B/s | 119.0   B |  00m00s
[integration-test/integration-test-fedora-1]   | [  2/121] Prepare transaction           100% |   1.0 KiB/s | 119.0   B |  00m00s
[OSV-Scanner/OSV-Scanner PR Scanning/osv-scan]   🐳  docker exec cmd=[/usr/local/bin/node /var/run/act/actions/actions-upload-artifact@ea165f8d65b6e75b540449e92b4886f43607fa02/dist/upload/index.js] user= workdir=
[integration-test/integration-test-fedora-1]   | [  3/121] Installing libgpg-error-0:1.5 100% |  32.3 MiB/s | 959.9 KiB |  00m00s
[integration-test/integration-test-fedora-1]   | [  4/121] Installing libassuan-0:2.5.7- 100% |  70.9 MiB/s | 217.7 KiB |  00m00s
[integration-test/integration-test-fedora-1]   | [  5/121] Installing libgcrypt-0:1.11.0 100% | 188.3 MiB/s |   1.1 MiB |  00m00s
[integration-test/integration-test-fedora-1]   | [  6/121] Installing expat-0:2.7.2-1.fc 100% |  16.8 MiB/s | 360.6 KiB |  00m00s
[integration-test/integration-test-fedora-1]   | [  7/121] Installing libxslt-0:1.1.43-1 100% |  26.9 MiB/s | 551.3 KiB |  00m00s
[integration-test/integration-test-fedora-1]   | [  8/121] Installing xmlsec1-1:1.2.41-2 100% |  27.9 MiB/s | 600.6 KiB |  00m00s
[integration-test/integration-test-fedora-1]   | [  9/121] Installing libksba-0:1.6.7-3. 100% |  97.9 MiB/s | 401.0 KiB |  00m00s
[integration-test/integration-test-fedora-1]   | [ 10/121] Installing npth-0:1.8-2.fc42. 100% |  30.8 MiB/s |  94.6 KiB |  00m00s
[integration-test/integration-test-fedora-1]   | [ 11/121] Installing xmlsec1-openssl-1: 100% |  79.6 MiB/s | 326.1 KiB |  00m00s
[integration-test/integration-test-fedora-1]   | [ 12/121] Installing libsecret-0:0.21.7 100% |  25.9 MiB/s | 637.7 KiB |  00m00s
[integration-test/integration-test-fedora-1]   | [ 13/121] Installing libedit-0:3.1-56.2 100% |  68.8 MiB/s | 281.8 KiB |  00m00s
[integration-test/integration-test-fedora-1]   | [ 14/121] Installing python-pip-wheel-0 100% | 311.1 MiB/s |   1.2 MiB |  00m00s
[integration-test/integration-test-fedora-1]   | [ 15/121] Installing mpdecimal-0:4.0.1- 100% |  92.0 MiB/s | 282.7 KiB |  00m00s
[e2e-test/e2e-test                         ] exitcode '127': command not found, please refer to https://github.com/nektos/act/issues/107 for more information
[integration-test/integration-test-fedora-1]   | [ 16/121] Installing libb2-0:0.98.1-13. 100% |  10.5 MiB/s |  75.2 KiB |  00m00s
[OSV-Scanner/OSV-Scanner PR Scanning/osv-scan]   🚧  ::warning::No files were found with the provided path: old-results.json. No artifacts will be uploaded.
[OSV-Scanner/OSV-Scanner PR Scanning/osv-scan]   ✅  Success - Main Upload old scan json results [848.698333ms]
[integration-test/integration-test-fedora-1]   | [ 17/121] Installing python3-libs-0:3.1 100% | 154.1 MiB/s |  42.5 MiB |  00m00s
[integration-test/integration-test-fedora-1]   | [ 18/121] Installing python3-0:3.13.9-1 100% |   4.4 MiB/s |  86.4 KiB |  00m00s
[integration-test/integration-test-fedora-1]   | [ 19/121] Installing protobuf-c-0:1.5.1 100% |  38.7 MiB/s |  79.3 KiB |  00m00s
[integration-test/integration-test-fedora-1]   | [ 20/121] Installing libusb1-0:1.0.29-4 100% |   7.7 MiB/s | 180.5 KiB |  00m00s
[integration-test/integration-test-fedora-1]   | >>> Running sysusers scriptlet: tpm2-tss-0:4.1.3-6.fc42.aarch64
[integration-test/integration-test-fedora-1]   | >>> Finished sysusers scriptlet: tpm2-tss-0:4.1.3-6.fc42.aarch64
[integration-test/integration-test-fedora-1]   | >>> Scriptlet output:
[integration-test/integration-test-fedora-1]   | >>> Failed to connect to audit log, ignoring: Invalid argument
[integration-test/integration-test-fedora-1]   | >>> Creating group 'tss' with GID 59.
[integration-test/integration-test-fedora-1]   | >>> Creating user 'tss' (Account used for TPM access) with UID 59 and GID 59.
[integration-test/integration-test-fedora-1]   | >>>
[integration-test/integration-test-fedora-1]   | [ 21/121] Installing tpm2-tss-0:4.1.3-6 100% | 154.2 MiB/s |   2.2 MiB |  00m00s
[integration-test/integration-test-fedora-1]   | [ 22/121] Installing gnupg2-0:2.4.7-2.f 100% | 189.2 MiB/s |  10.4 MiB |  00m00s
[integration-test/integration-test-fedora-1]   | [ 23/121] Installing gpgme-0:1.24.3-1.f 100% |  33.9 MiB/s | 693.8 KiB |  00m00s
[integration-test/integration-test-fedora-1]   | [ 24/121] Installing libfdisk-0:2.40.4- 100% |  68.3 MiB/s | 419.8 KiB |  00m00s
[e2e-test/e2e-test                         ] ⭐ Run Post Setup compyctl
[integration-test/integration-test-fedora-1]   | [ 25/121] Installing util-linux-0:2.40. 100% |  92.1 MiB/s |   6.6 MiB |  00m00s
[integration-test/integration-test-fedora-1]   | [ 26/121] Installing openssh-0:9.9p1-11 100% |  62.8 MiB/s |   1.4 MiB |  00m00s
[integration-test/integration-test-fedora-1]   | [ 27/121] Installing libcbor-0:0.11.0-3 100% |  68.0 MiB/s | 139.3 KiB |  00m00s
[integration-test/integration-test-fedora-1]   | [ 28/121] Installing libfido2-0:1.15.0- 100% | 136.6 MiB/s | 279.8 KiB |  00m00s
[integration-test/integration-test-fedora-1]   | [ 29/121] Installing openssh-clients-0: 100% |  82.9 MiB/s |   2.8 MiB |  00m00s
[integration-test/integration-test-fedora-1]   | [ 30/121] Installing less-0:679-1.fc42. 100% |  27.2 MiB/s | 557.2 KiB |  00m00s
[e2e-test/e2e-test                         ]   ✅  Success - Post Setup compyctl [165.262166ms]
[integration-test/integration-test-fedora-1]   | [ 31/121] Installing git-core-0:2.51.1- 100% | 334.4 MiB/s |  23.4 MiB |  00m00s
[integration-test/integration-test-fedora-1]   | [ 32/121] Installing git-core-doc-0:2.5 100% | 942.1 MiB/s |  17.9 MiB |  00m00s
[integration-test/integration-test-fedora-1]   | [ 33/121] Installing hiredis-0:1.2.0-6. 100% |  11.7 MiB/s | 203.5 KiB |  00m00s
[integration-test/integration-test-fedora-1]   | >>> Running sysusers scriptlet: unbound-libs-0:1.24.1-1.fc42.aarch64
[integration-test/integration-test-fedora-1]   | >>> Finished sysusers scriptlet: unbound-libs-0:1.24.1-1.fc42.aarch64
[integration-test/integration-test-fedora-1]   | >>> Scriptlet output:
[integration-test/integration-test-fedora-1]   | >>> Failed to connect to audit log, ignoring: Invalid argument
[integration-test/integration-test-fedora-1]   | >>> Creating group 'unbound' with GID 999.
[integration-test/integration-test-fedora-1]   | >>> Creating user 'unbound' (Unbound DNS resolver) with UID 999 and GID 999.
[integration-test/integration-test-fedora-1]   | >>>
[integration-test/integration-test-fedora-1]   | [ 34/121] Installing unbound-libs-0:1.2 100% | 161.2 MiB/s |   1.5 MiB |  00m00s
[integration-test/integration-test-fedora-1]   | [ 35/121] Installing gnutls-dane-0:3.8. 100% |  13.6 MiB/s |  69.7 KiB |  00m00s
[OSV-Scanner/OSV-Scanner PR Scanning/osv-scan] ⭐ Run Main Upload new scan json results
[integration-test/integration-test-fedora-1]   | [ 36/121] Installing wget2-libs-0:2.2.0 100% |  90.5 MiB/s | 370.8 KiB |  00m00s
[integration-test/integration-test-fedora-1]   | [ 37/121] Installing wget2-0:2.2.0-5.fc 100% |  50.6 MiB/s |   1.1 MiB |  00m00s
[integration-test/integration-test-fedora-1]   | [ 38/121] Installing procps-ng-0:4.0.4- 100% |  62.6 MiB/s |   1.7 MiB |  00m00s
[integration-test/integration-test-fedora-1]   | [ 39/121] Installing xxhash-libs-0:0.8. 100% |  28.4 MiB/s |  87.4 KiB |  00m00s
[integration-test/integration-test-fedora-1]   | [ 40/121] Installing apt-libs-0:2.9.8-1 100% | 300.5 MiB/s |   3.6 MiB |  00m00s
[OSV-Scanner/OSV-Scanner PR Scanning/osv-scan]   🐳  docker cp src=/Users/sonu/.cache/act/actions-upload-artifact@ea165f8d65b6e75b540449e92b4886f43607fa02/ dst=/var/run/act/actions/actions-upload-artifact@ea165f8d65b6e75b540449e92b4886f43607fa02/
[integration-test/integration-test-fedora-1]   | [ 41/121] Installing opendbx-0:1.4.6-39 100% |  63.9 MiB/s | 196.4 KiB |  00m00s
[integration-test/integration-test-fedora-1]   | [ 42/121] Installing dbus-libs-1:1.16.0 100% |  64.9 MiB/s | 398.6 KiB |  00m00s
[integration-test/integration-test-fedora-1]   | [ 43/121] Installing dbus-1:1.16.0-3.fc 100% |  30.3 KiB/s | 124.0   B |  00m00s
[integration-test/integration-test-fedora-1]   | [ 44/121] Installing openscap-1:1.4.2-2 100% | 334.3 MiB/s |  65.5 MiB |  00m00s
[e2e-test/e2e-test                         ] ⭐ Run Complete job
[integration-test/integration-test-fedora-1]   | [ 45/121] Installing openscap-scanner-1 100% |   5.0 MiB/s | 149.5 KiB |  00m00s
[integration-test/integration-test-fedora-1]   | [ 46/121] Installing ncurses-0:6.5-5.20 100% |  26.6 MiB/s | 898.4 KiB |  00m00s
[e2e-test/e2e-test                         ]   ✅  Success - Complete job
[e2e-test/e2e-test                         ] 🏁  Job failed
[integration-test/integration-test-fedora-1]   | [ 47/121] Installing groff-base-0:1.23. 100% |  55.2 MiB/s |   4.2 MiB |  00m00s
[integration-test/integration-test-fedora-1]   | [ 48/121] Installing perl-Digest-0:1.20 100% |   4.5 MiB/s |  37.1 KiB |  00m00s
[integration-test/integration-test-fedora-1]   | [ 49/121] Installing perl-Digest-MD5-0: 100% |  34.4 MiB/s | 105.6 KiB |  00m00s
[integration-test/integration-test-fedora-1]   | [ 50/121] Installing perl-B-0:1.89-519. 100% |  88.8 MiB/s | 545.3 KiB |  00m00s
[integration-test/integration-test-fedora-1]   | [ 51/121] Installing perl-FileHandle-0: 100% |   9.5 MiB/s |   9.8 KiB |  00m00s
[integration-test/integration-test-fedora-1]   | [ 52/121] Installing perl-MIME-Base32-0 100% |  15.7 MiB/s |  32.2 KiB |  00m00s
[integration-test/integration-test-fedora-1]   | [ 53/121] Installing perl-Data-Dumper-0 100% |  26.9 MiB/s | 137.5 KiB |  00m00s
[integration-test/integration-test-fedora-1]   | [ 54/121] Installing perl-libnet-0:3.15 100% |  57.6 MiB/s | 294.7 KiB |  00m00s
[integration-test/integration-test-fedora-1]   | [ 55/121] Installing perl-AutoLoader-0: 100% |   5.1 MiB/s |  20.9 KiB |  00m00s
[integration-test/integration-test-fedora-1]   | [ 56/121] Installing perl-IO-Socket-IP- 100% |  49.9 MiB/s | 102.2 KiB |  00m00s
[integration-test/integration-test-fedora-1]   | [ 57/121] Installing perl-URI-0:5.31-2. 100% |  43.9 MiB/s | 269.6 KiB |  00m00s
[integration-test/integration-test-fedora-1]   | [ 58/121] Installing perl-Time-Local-2: 100% |  23.0 MiB/s |  70.6 KiB |  00m00s
[integration-test/integration-test-fedora-1]   | [ 59/121] Installing perl-Text-Tabs+Wra 100% |  23.3 MiB/s |  23.9 KiB |  00m00s
[integration-test/integration-test-fedora-1]   | [ 60/121] Installing perl-File-Path-0:2 100% |  31.5 MiB/s |  64.5 KiB |  00m00s
[integration-test/integration-test-fedora-1]   | [ 61/121] Installing perl-Pod-Escapes-1 100% |  12.7 MiB/s |  25.9 KiB |  00m00s
[integration-test/integration-test-fedora-1]   | [ 62/121] Installing perl-if-0:0.61.000 100% |   6.1 MiB/s |   6.2 KiB |  00m00s
[integration-test/integration-test-fedora-1]   | [ 63/121] Installing perl-Net-SSLeay-0: 100% | 143.3 MiB/s |   1.4 MiB |  00m00s
[integration-test/integration-test-fedora-1]   | [ 64/121] Installing perl-locale-0:1.12 100% |   3.4 MiB/s |   6.9 KiB |  00m00s
[integration-test/integration-test-fedora-1]   | [ 65/121] Installing perl-IO-Socket-SSL 100% | 172.7 MiB/s | 707.4 KiB |  00m00s
[integration-test/integration-test-fedora-1]   | [ 66/121] Installing perl-Term-ANSIColo 100% |  32.3 MiB/s |  99.2 KiB |  00m00s
[integration-test/integration-test-fedora-1]   | [ 67/121] Installing perl-Term-Cap-0:1. 100% |  10.0 MiB/s |  30.6 KiB |  00m00s
[integration-test/integration-test-fedora-1]   | [ 68/121] Installing perl-POSIX-0:2.20- 100% |  64.5 MiB/s | 264.4 KiB |  00m00s
[integration-test/integration-test-fedora-1]   | [ 69/121] Installing perl-File-Temp-1:0 100% |  53.4 MiB/s | 164.1 KiB |  00m00s
[integration-test/integration-test-fedora-1]   | [ 70/121] Installing perl-IPC-Open3-0:1 100% |   5.7 MiB/s |  23.3 KiB |  00m00s
[integration-test/integration-test-fedora-1]   | [ 71/121] Installing perl-HTTP-Tiny-0:0 100% |  50.9 MiB/s | 156.4 KiB |  00m00s
[integration-test/integration-test-fedora-1]   | [ 72/121] Installing perl-Class-Struct- 100% |  12.6 MiB/s |  25.9 KiB |  00m00s
[integration-test/integration-test-fedora-1]   | [ 73/121] Installing perl-Pod-Simple-1: 100% |  92.8 MiB/s | 570.4 KiB |  00m00s
[integration-test/integration-test-fedora-1]   | [ 74/121] Installing perl-Socket-4:2.03 100% |  28.5 MiB/s | 146.0 KiB |  00m00s
[integration-test/integration-test-fedora-1]   | [ 75/121] Installing perl-Symbol-0:1.09 100% |   3.5 MiB/s |   7.2 KiB |  00m00s
[integration-test/integration-test-fedora-1]   | [ 76/121] Installing perl-SelectSaver-0 100% |   1.3 MiB/s |   2.6 KiB |  00m00s
[integration-test/integration-test-fedora-1]   | [ 77/121] Installing perl-File-stat-0:1 100% |   3.2 MiB/s |  13.1 KiB |  00m00s
[integration-test/integration-test-fedora-1]   | [ 78/121] Installing perl-Pod-Perldoc-0 100% |   7.2 MiB/s | 169.2 KiB |  00m00s
[OSV-Scanner/OSV-Scanner PR Scanning/osv-scan]   🐳  docker exec cmd=[/usr/local/bin/node /var/run/act/actions/actions-upload-artifact@ea165f8d65b6e75b540449e92b4886f43607fa02/dist/upload/index.js] user= workdir=
[integration-test/integration-test-fedora-1]   | [ 79/121] Installing perl-podlators-1:6 100% |  15.7 MiB/s | 321.4 KiB |  00m00s
[integration-test/integration-test-fedora-1]   | [ 80/121] Installing perl-Text-ParseWor 100% |  14.2 MiB/s |  14.6 KiB |  00m00s
[integration-test/integration-test-fedora-1]   | [ 81/121] Installing perl-Fcntl-0:1.18- 100% |  23.0 MiB/s |  94.1 KiB |  00m00s
[integration-test/integration-test-fedora-1]   | [ 82/121] Installing perl-base-0:2.27-5 100% |   6.3 MiB/s |  12.9 KiB |  00m00s
[integration-test/integration-test-fedora-1]   | [ 83/121] Installing perl-mro-0:1.29-51 100% |  40.4 MiB/s |  82.7 KiB |  00m00s
[integration-test/integration-test-fedora-1]   | [ 84/121] Installing perl-overloading-0 100% |   5.4 MiB/s |   5.5 KiB |  00m00s
[integration-test/integration-test-fedora-1]   | [ 85/121] Installing perl-IO-0:1.55-519 100% |  95.4 MiB/s | 195.3 KiB |  00m00s
[integration-test/integration-test-fedora-1]   | [ 86/121] Installing perl-Pod-Usage-4:2 100% |   4.8 MiB/s |  87.9 KiB |  00m00s
[integration-test/integration-test-fedora-1]   | [ 87/121] Installing perl-constant-0:1. 100% |   8.9 MiB/s |  27.4 KiB |  00m00s
[integration-test/integration-test-fedora-1]   | [ 88/121] Installing perl-parent-1:0.24 100% |  10.7 MiB/s |  11.0 KiB |  00m00s
[integration-test/integration-test-fedora-1]   | [ 89/121] Installing perl-MIME-Base64-0 100% |  23.5 MiB/s |  96.3 KiB |  00m00s
[integration-test/integration-test-fedora-1]   | [ 90/121] Installing perl-Errno-0:1.38- 100% |   8.5 MiB/s |   8.7 KiB |  00m00s
[integration-test/integration-test-fedora-1]   | [ 91/121] Installing perl-File-Basename 100% |  14.2 MiB/s |  14.6 KiB |  00m00s
[integration-test/integration-test-fedora-1]   | [ 92/121] Installing perl-Scalar-List-U 100% |  38.2 MiB/s | 156.7 KiB |  00m00s
[integration-test/integration-test-fedora-1]   | [ 93/121] Installing perl-vars-0:1.05-5 100% |   2.1 MiB/s |   4.3 KiB |  00m00s
[integration-test/integration-test-fedora-1]   | [ 94/121] Installing perl-Getopt-Std-0: 100% |  11.5 MiB/s |  11.7 KiB |  00m00s
[integration-test/integration-test-fedora-1]   | [ 95/121] Installing perl-overload-0:1. 100% |  70.3 MiB/s |  71.9 KiB |  00m00s
[integration-test/integration-test-fedora-1]   | [ 96/121] Installing perl-Storable-1:3. 100% |  80.0 MiB/s | 245.9 KiB |  00m00s
[integration-test/integration-test-fedora-1]   | [ 97/121] Installing perl-Getopt-Long-1 100% |  71.9 MiB/s | 147.2 KiB |  00m00s
[integration-test/integration-test-fedora-1]   | [ 98/121] Installing perl-Exporter-0:5. 100% |  54.3 MiB/s |  55.6 KiB |  00m00s
[integration-test/integration-test-fedora-1]   | [ 99/121] Installing perl-Carp-0:1.54-5 100% |  46.6 MiB/s |  47.7 KiB |  00m00s
[integration-test/integration-test-fedora-1]   | [100/121] Installing perl-PathTools-0:3 100% |  74.4 MiB/s | 228.6 KiB |  00m00s
[integration-test/integration-test-fedora-1]   | [101/121] Installing perl-DynaLoader-0: 100% |  15.9 MiB/s |  32.5 KiB |  00m00s
[integration-test/integration-test-fedora-1]   | [102/121] Installing perl-Encode-4:3.21 100% | 138.4 MiB/s |   4.8 MiB |  00m00s
[integration-test/integration-test-fedora-1]   | [103/121] Installing perl-libs-4:5.40.3 100% | 161.6 MiB/s |  10.0 MiB |  00m00s
[integration-test/integration-test-fedora-1]   | [104/121] Installing perl-interpreter-4 100% |   9.6 MiB/s | 176.0 KiB |  00m00s
[integration-test/integration-test-fedora-1]   | [105/121] Installing perl-TermReadKey-0 100% |  53.8 MiB/s | 110.2 KiB |  00m00s
[integration-test/integration-test-fedora-1]   | [106/121] Installing perl-Error-1:0.170 100% |  39.0 MiB/s |  80.0 KiB |  00m00s
[integration-test/integration-test-fedora-1]   | [107/121] Installing perl-lib-0:0.65-51 100% |   8.7 MiB/s |   8.9 KiB |  00m00s
[integration-test/integration-test-fedora-1]   | [108/121] Installing perl-Git-0:2.51.1- 100% |  31.9 MiB/s |  65.4 KiB |  00m00s
[OSV-Scanner/OSV-Scanner PR Scanning/osv-scan]   🚧  ::warning::No files were found with the provided path: new-results.json. No artifacts will be uploaded.
[integration-test/integration-test-fedora-1]   | [109/121] Installing git-0:2.51.1-1.fc4 100% |   9.4 MiB/s |  57.7 KiB |  00m00s
[integration-test/integration-test-fedora-1]   | [110/121] Installing xml-common-0:0.6.3 100% |  15.8 MiB/s |  81.1 KiB |  00m00s
[integration-test/integration-test-fedora-1]   | [111/121] Installing oniguruma-0:6.9.10 100% | 203.3 MiB/s | 832.9 KiB |  00m00s
[integration-test/integration-test-fedora-1]   | [112/121] Installing jq-0:1.7.1-11.fc42 100% |  22.9 MiB/s | 468.8 KiB |  00m00s
[OSV-Scanner/OSV-Scanner PR Scanning/osv-scan]   ✅  Success - Main Upload new scan json results [900.703916ms]
[OSV-Scanner/OSV-Scanner PR Scanning/osv-scan] ⭐ Run Main Upload to code-scanning
[OSV-Scanner/OSV-Scanner PR Scanning/osv-scan]   🐳  docker cp src=/Users/sonu/.cache/act/github-codeql-action-upload-sarif@f443b600d91635bebf5b0d9ebc620189c0d6fba5/ dst=/var/run/act/actions/github-codeql-action-upload-sarif@f443b600d91635bebf5b0d9ebc620189c0d6fba5/
[integration-test/integration-test-fedora-1]   | [113/121] Installing scap-security-guid 100% | 280.3 MiB/s | 636.2 MiB |  00m02s
[integration-test/integration-test-fedora-1]   | [114/121] Installing perl-NDBM_File-0:1 100% |  24.0 MiB/s |  73.6 KiB |  00m00s
[integration-test/integration-test-fedora-1]   | [115/121] Installing wget2-wget-0:2.2.0 100% |  22.8 KiB/s | 444.0   B |  00m00s
[integration-test/integration-test-fedora-1]   | [116/121] Installing unbound-anchor-0:1 100% |   2.5 MiB/s |  75.0 KiB |  00m00s
[integration-test/integration-test-fedora-1]   | [117/121] Installing gh-0:2.79.0-1.fc42 100% | 119.1 MiB/s |  52.1 MiB |  00m00s
[integration-test/integration-test-fedora-1]   | [118/121] Installing gnupg2-smime-0:2.4 100% |  26.0 MiB/s | 611.2 KiB |  00m00s
[integration-test/integration-test-fedora-1]   | [119/121] Installing python-unversioned 100% |  23.0 KiB/s | 424.0   B |  00m00s
[integration-test/integration-test-fedora-1]   | [120/121] Installing pinentry-0:1.3.1-3 100% |  12.3 MiB/s | 252.1 KiB |  00m00s
[integration-test/integration-test-fedora-1]   | [121/121] Installing make-1:4.4.1-10.fc 100% |   3.3 MiB/s |   1.9 MiB |  00m01s
[integration-test/integration-test-fedora-1]   | Complete!
[integration-test/integration-test-fedora-1]   ✅  Success - Main Install dependency [37.981527708s]
[integration-test/integration-test-fedora-1] ⭐ Run Main Configure Git for safe directory
[integration-test/integration-test-fedora-1]   🐳  docker exec cmd=[bash --noprofile --norc -e -o pipefail /var/run/act/workflow/1-composite-1.sh] user= workdir=
[integration-test/integration-test-fedora-1]   ✅  Success - Main Configure Git for safe directory [374.381125ms]
[integration-test/integration-test-fedora-1]   ☁  git clone 'https://github.com/actions/setup-go' # ref=44694675825211faa026b3c33043df3e48a5fa00
[integration-test/integration-test-fedora-1] Non-terminating error while running 'git clone': some refs were not updated
[integration-test/integration-test-fedora-1] ⭐ Run Main Set up Go
[integration-test/integration-test-fedora-1]   🐳  docker cp src=/Users/sonu/.cache/act/actions-setup-go@44694675825211faa026b3c33043df3e48a5fa00/ dst=/var/run/act/actions/actions-setup-go@44694675825211faa026b3c33043df3e48a5fa00/
[integration-test/integration-test-fedora-1]   🐳  docker exec cmd=[node /var/run/act/actions/actions-setup-go@44694675825211faa026b3c33043df3e48a5fa00/dist/setup/index.js] user= workdir=
[integration-test/integration-test-fedora-1]   | Error: crun: executable file `node` not found in $PATH: No such file or directory: OCI runtime attempted to invoke a command that was not found
[integration-test/integration-test-fedora-1]   | Error: read unixpacket @->/proc/self/fd/13/attach: read: connection reset by peer
[integration-test/integration-test-fedora-1]   ❌  Failure - Main Set up Go [1.0895415s]
[integration-test/integration-test-fedora-1] exitcode '127': command not found, please refer to https://github.com/nektos/act/issues/107 for more information
[OSV-Scanner/OSV-Scanner PR Scanning/osv-scan]   🐳  docker exec cmd=[/usr/local/bin/node /var/run/act/actions/github-codeql-action-upload-sarif@f443b600d91635bebf5b0d9ebc620189c0d6fba5/lib/upload-sarif-action.js] user= workdir=
[integration-test/integration-test-fedora-1]   ❌  Failure - Main Setup compyctl [43.093821708s]
[integration-test/integration-test-fedora-1] exitcode '127': command not found, please refer to https://github.com/nektos/act/issues/107 for more information
[OSV-Scanner/OSV-Scanner PR Scanning/osv-scan]   🚧  ::warning::Caught an exception while gathering information for telemetry: HttpError: Not Found - https://docs.github.com/rest/actions/workflow-runs#get-a-workflow-run. Will skip sending status report.
[OSV-Scanner/OSV-Scanner PR Scanning/osv-scan]   ❗  ::error::Path does not exist: results.sarif
[OSV-Scanner/OSV-Scanner PR Scanning/osv-scan]   🚧  ::warning::Caught an exception while gathering information for telemetry: HttpError: Not Found - https://docs.github.com/rest/actions/workflow-runs#get-a-workflow-run. Will skip sending status report.
[OSV-Scanner/OSV-Scanner PR Scanning/osv-scan]   ❌  Failure - Main Upload to code-scanning [8.261215667s]
[OSV-Scanner/OSV-Scanner PR Scanning/osv-scan]   ⚙  ::set-env:: CODEQL_ACTION_FEATURE_MULTI_LANGUAGE=false
[OSV-Scanner/OSV-Scanner PR Scanning/osv-scan]   ⚙  ::set-env:: CODEQL_ACTION_FEATURE_SANDWICH=false
[OSV-Scanner/OSV-Scanner PR Scanning/osv-scan]   ⚙  ::set-env:: CODEQL_ACTION_FEATURE_SARIF_COMBINE=true
[OSV-Scanner/OSV-Scanner PR Scanning/osv-scan]   ⚙  ::set-env:: CODEQL_ACTION_FEATURE_WILL_UPLOAD=true
[OSV-Scanner/OSV-Scanner PR Scanning/osv-scan]   ⚙  ::set-env:: CODEQL_ACTION_VERSION=4.30.8
[OSV-Scanner/OSV-Scanner PR Scanning/osv-scan] exitcode '1': failure
[OSV-Scanner/OSV-Scanner PR Scanning/osv-scan] ⭐ Run Main Print Code Scanning PR URL
[OSV-Scanner/OSV-Scanner PR Scanning/osv-scan]   🐳  docker exec cmd=[bash -e /var/run/act/workflow/10] user= workdir=
[OSV-Scanner/OSV-Scanner PR Scanning/osv-scan]   | View the OSV-Scanner results for this PR in the 'Security' tab, using the following link:
[OSV-Scanner/OSV-Scanner PR Scanning/osv-scan]   | https://github.com/sonupreetam/complyctl/security/code-scanning?query=pr%3A
[OSV-Scanner/OSV-Scanner PR Scanning/osv-scan]   ✅  Success - Main Print Code Scanning PR URL [196.771458ms]
[OSV-Scanner/OSV-Scanner PR Scanning/osv-scan] ⭐ Run Main Error troubleshooter
[OSV-Scanner/OSV-Scanner PR Scanning/osv-scan]   🐳  docker exec cmd=[bash -e /var/run/act/workflow/11] user= workdir=
[OSV-Scanner/OSV-Scanner PR Scanning/osv-scan]   ❗  ::error::Artifact upload failed. This is most likely caused by a error during scanning earlier in the workflow.
[OSV-Scanner/OSV-Scanner PR Scanning/osv-scan]   ✅  Success - Main Error troubleshooter [190.382208ms]
[integration-test/integration-test-fedora-1] ⭐ Run Post Setup compyctl
[OSV-Scanner/OSV-Scanner PR Scanning/osv-scan] ⭐ Run Post Upload to code-scanning
[OSV-Scanner/OSV-Scanner PR Scanning/osv-scan]   🐳  docker exec cmd=[/usr/local/bin/node /var/run/act/actions/github-codeql-action-upload-sarif@f443b600d91635bebf5b0d9ebc620189c0d6fba5/lib/upload-sarif-action-post.js] user= workdir=
[integration-test/integration-test-fedora-1]   ✅  Success - Post Setup compyctl [140.359667ms]
[OSV-Scanner/OSV-Scanner PR Scanning/osv-scan]   ❓  ::group::Uploading combined SARIF debug artifact
[OSV-Scanner/OSV-Scanner PR Scanning/osv-scan]   ❓  ::endgroup::
[OSV-Scanner/OSV-Scanner PR Scanning/osv-scan]   ✅  Success - Post Upload to code-scanning [292.4265ms]
[integration-test/integration-test-fedora-1] ⭐ Run Complete job
[integration-test/integration-test-fedora-1]   ✅  Success - Complete job
[integration-test/integration-test-fedora-1] 🏁  Job failed
[OSV-Scanner/OSV-Scanner PR Scanning/osv-scan] ⭐ Run Complete job
[OSV-Scanner/OSV-Scanner PR Scanning/osv-scan]   ✅  Success - Complete job
[OSV-Scanner/OSV-Scanner PR Scanning/osv-scan] 🏁  Job failed
Error: stat /Users/sonu/.cache/act/complytime-org-infra@main/.github/workflows/reusable_security.yml: no such file or directory
